{
"tableName": "S2DFA",
"baseYear": 2007,
"minAge": 16,
"lx": [1000,999.828,999.648031,999.4580978,999.2552078,999.0353717,998.7956032,998.5299236,998.2323617,997.8959574,997.5127653,997.0748572,996.5723315,995.9953161,995.3329792,994.5745355,993.7092556,992.7264772,991.616609,990.3711385,988.9836285,987.4507039,985.7690754,983.9414595,981.9706248,979.8652797,977.6360862,975.2975807,972.8671391,970.3649249,967.8070429,965.1920283,962.51169,959.7560191,956.916101,953.9793255,950.9332695,947.7638089,944.4551655,940.989015,937.3455055,933.502389,929.433252,925.1113874,920.5043327,915.576873,910.2903322,904.6010176,898.4596813,891.8119781,884.5990028,876.7552635,868.2095299,858.8832231,848.6908559,837.5424528,825.3411344,811.9838135,797.360797,781.3577658,763.8576959,744.7429209,723.9005455,701.2214653,676.6099943,649.9880975,621.3047728,590.5452161,557.7374766,522.9647759,486.3750224,448.1897194,408.7122725,368.3376307,327.5512365,286.9185056,247.0692551,208.6783989,172.4353433,139.002027,108.9989955,83.01276296,61.3338969,43.91936355,30.45311574,20.43169577,13.25585947,8.312563889,5.036582461,2.947936897,1.6666515,0.910201717,0.480257924,0.244902245,0.120753215,0.057603993,2.66E-02,1.19E-02,5.17E-03,2.18E-03,8.93E-04,3.56E-04,1.39E-04,5.26E-05,1.96E-05]
}
