{
"tableName": "S2IFA",
"baseYear": 2007,
"minAge": 16,
"lx": [1000,989.296,978.7065756,968.2305004,957.8665612,947.6978497,937.6948989,927.7909654,917.9860705,908.2792858,898.6696909,889.1563736,879.7384293,870.4149614,861.1842107,852.0470463,843.0025669,834.0507226,825.1914358,816.4237768,807.7476414,799.1620917,790.6661995,782.2582551,773.9373741,765.7019065,757.5525411,749.4914245,741.5205832,733.6426685,725.8572525,718.1609881,710.5477634,703.0109833,695.5457097,688.148581,680.8149816,673.5418352,666.3248344,659.1611761,652.0461904,644.9740974,637.9354951,630.9201184,623.9143814,616.9015838,609.8590353,602.7560071,595.5542783,588.2110941,580.6772864,572.8967914,564.8029056,556.3195659,547.3622646,537.8403506,527.6541922,516.6953423,504.8449346,491.9744179,477.9541309,462.6643783,445.99967,427.8711214,408.2190008,387.0275361,364.3434651,340.2858661,315.0431203,288.8746936,262.1061201,235.1118108,208.3067133,182.1400572,157.0641069,133.4762194,111.6997076,91.98024126,74.48697907,59.30891632,46.41035389,35.61020044,26.72175197,19.56240674,13.94011235,9.649610633,6.476818657,4.208682101,2.644163452,1.604396413,0.939372496,0.530380983,0.288657198,0.151410515,7.66E-02,0.037344614,1.76E-02,7.99E-03,3.51E-03,1.49E-03,6.17E-04,2.47E-04,9.63E-05,3.66E-05,1.36E-05]
}
