{
"tableName": "S2IMA",
"baseYear": 2007,
"minAge": 16,
"lx": [1000,990.68,981.4468624,972.2997776,963.2379437,954.3674855,945.6502929,937.0042123,928.4315607,919.9326982,911.5070346,903.1548957,894.877481,886.6750341,878.549544,870.4976375,862.5134331,854.5903847,846.7213165,838.9060787,831.1461975,823.4431345,815.797465,808.2138118,800.6966151,793.2509373,785.8705306,778.5061379,771.109551,763.6467528,756.0950501,748.441856,740.679017,732.7996737,724.7967684,716.6601999,708.3820579,699.9558533,691.3771944,682.647866,673.7672999,664.7287115,655.5202247,646.1285864,636.5368076,626.7201369,616.6399702,606.235404,595.4353203,584.1649206,572.3525217,559.9330443,546.8423697,533.0149135,518.3841872,502.8813897,486.4426999,469.0158902,450.561991,431.057613,410.5009064,388.9180003,366.3630898,342.9147529,318.6871398,293.8432465,268.5977039,243.2042084,217.9365072,193.082592,168.9435995,145.8373523,124.0737525,103.9342251,85.63930706,69.31525619,55.0171824,42.74493966,32.44939349,24.03286451,17.34225922,12.18361345,8.328267363,5.53578266,3.576287207,2.244531496,1.367725468,0.808907035,0.464221231,0.258471883,0.139621342,7.32E-02,3.72E-02,1.84E-02,8.83E-03,4.12E-03,1.86E-03,8.22E-04,3.53E-04,1.47E-04,6.00E-05,2.39E-05,9.27E-06,3.52E-06,1.31E-06]
}
