{
"tableName": "S2NFA_H",
"baseYear": 2007,
"minAge": 16,
"lx": [1000,999.829,999.6540299,999.4740922,999.28819,999.0963267,998.8975065,998.6897358,998.4710228,998.2393775,997.9928124,997.7293423,997.4469849,997.1427635,996.8127093,996.4538567,996.0632468,995.6359357,995.1679868,994.6544801,994.090511,993.4701985,992.786691,992.0351515,991.2077942,990.2968742,989.2956841,988.1975659,986.9949294,985.6792652,984.2441162,982.6801523,980.9791329,979.1329302,977.1315825,974.9682132,972.6351142,970.1257157,967.4336168,964.5545344,961.4853218,958.2230021,954.7666918,951.1166187,947.2741076,943.235878,938.964906,934.3555273,929.3277602,923.8084826,917.714118,910.950565,903.414271,894.9872226,885.5433175,874.9477917,863.0581261,849.723015,834.7806358,818.0591449,799.3861269,778.5980906,755.5469156,730.1000954,702.1547842,671.6531804,638.6058289,603.1044537,565.3223721,525.5236771,484.0640632,441.3821984,398.0013905,354.5364546,311.6666156,269.9874391,230.0684463,192.5256471,157.9295585,126.7765317,99.30811412,75.70843457,56.09381763,40.33975676,28.12463638,18.98986698,12.40642192,7.836950628,4.783854913,2.820699589,1.606078139,0.882988033,0.468741261,0.24032177,0.119061893,5.70E-02,0.02643784,1.19E-02,5.16E-03,2.18E-03,8.95E-04,3.57E-04,1.39E-04,5.28E-05,1.96E-05]
}
