{
"tableName": "S2NFA",
"baseYear": 2007,
"minAge": 16,
"lx": [1000,999.829,999.6540299,999.4740922,999.28819,999.0953274,998.8945092,998.6847414,998.4640321,998.2303915,997.9818321,997.7163689,997.4320198,997.1248107,996.7927682,996.4319292,996.039335,995.610042,995.1401141,994.6236364,994.0567009,993.4334274,992.7469649,991.9914844,991.1601956,990.2453547,989.2402557,988.1372528,986.9287609,985.6062764,984.1613776,982.5857352,980.8721057,979.0113913,976.9956068,974.8178836,972.4705222,969.9479336,967.2427489,964.3516603,961.2695924,957.9935856,954.5218168,950.8535895,946.9893205,942.9248424,938.6288768,934.0568155,929.1567535,923.8707807,918.1307715,911.8599384,904.9699247,897.3627475,888.9266403,879.539575,869.0668972,857.3605661,844.260954,829.5978298,813.1941919,794.8680476,774.4407336,751.7411013,726.6134033,698.9316124,668.6098623,635.6186459,599.9985769,561.8746674,521.4691363,479.1117627,435.2471644,390.4362926,345.3467574,300.7241575,257.359734,216.0524672,177.562072,142.5565973,111.5680719,84.97236334,62.88957561,45.17326771,31.45491426,21.21130688,13.84046258,8.732501463,5.324730092,3.136601482,1.784522364,0.980502244,0.520317243,0.26673335,0.132145303,6.33E-02,2.93E-02,1.32E-02,5.73E-03,2.42E-03,9.93E-04,3.97E-04,1.54E-04,5.86E-05,2.18E-05]
}
