{
"tableName": "S2NMA_H",
"baseYear": 2007,
"minAge": 16,
"lx": [1000,999.697,999.3890933,999.0752851,998.754582,998.4279892,998.0895221,997.7361985,997.3650406,996.9750709,996.5653141,996.1328048,995.6755798,995.1906858,994.6761722,994.1281056,993.5425642,992.9146453,992.2394633,991.5101673,990.7219167,989.8679144,988.9404082,987.9307001,986.8301453,985.629173,984.3153293,982.8752759,981.2938296,979.5539957,977.6379881,975.52629,973.1967332,970.6216547,967.7709389,964.6072957,961.0884083,957.1681286,952.7967418,947.9222337,942.4877955,936.4304264,929.6806359,922.166957,913.8139687,904.8585918,895.5457872,885.7861292,875.4764645,864.5058689,852.7589631,840.1210753,826.4733084,811.6885274,795.6325167,778.1604266,759.1266226,738.3933562,715.8339624,691.3374084,664.8190881,636.2345266,605.5826558,572.9029933,538.3002255,501.9660368,464.1925906,425.3568459,385.8964913,346.2992664,307.1013062,268.8911474,232.2676354,197.7995828,165.9641356,137.0317738,111.1589416,88.46328702,68.97977883,52.6546105,39.20272653,28.3653288,19.93336606,13.59658886,8.997461098,5.773859733,3.591028965,2.163896598,1.263081592,0.714095809,0.391038151,0.207468419,0.106682543,5.32E-02,2.57E-02,1.21E-02,5.50E-03,2.43E-03,1.05E-03,4.39E-04,1.79E-04,7.12E-05,2.77E-05,1.05E-05,3.90E-06]
}
