{
"tableName": "S2NMA_L",
"baseYear": 2007,
"minAge": 16,
"lx": [1000,999.697,999.3890933,999.0752851,998.754582,998.4259917,998.0905206,997.7481755,997.3979659,997.0389027,996.6690012,996.2882737,995.8947398,995.4874189,995.0643367,994.6245183,994.1650017,993.68482,993.1810218,992.6516564,992.0937861,991.5044824,990.8798346,990.216936,989.5109113,988.7578935,987.9520558,987.0875978,986.1597354,985.1607556,984.0829898,982.9188196,981.6587176,980.2922487,978.8090665,977.196968,975.4438766,973.534933,971.4554624,969.1871139,966.71181,964.007917,961.0522688,957.8192889,954.2801467,950.4229463,946.2230273,941.6291145,936.5848073,931.0280497,924.8860576,918.0779714,910.5093366,902.0743781,892.6549174,882.1189114,870.3214531,857.1056218,842.3016935,825.7294077,807.2008655,786.5252226,763.5154272,737.9979781,709.8263813,678.8907279,645.1328865,608.5628837,569.285018,527.5177148,483.6113604,438.0551702,391.4684409,344.5897037,298.2558275,253.2191976,210.2995565,170.4458978,134.4801089,103.0155289,76.60636488,55.36809288,38.86513449,26.47796109,17.4983048,11.21252875,6.964393135,4.192132875,2.445090844,1.381764848,0.756559089,0.401393938,0.206401178,0.102896354,4.98E-02,0.023343059,1.06E-02,4.71E-03,2.03E-03,8.48E-04,3.46E-04,1.38E-04,5.35E-05,2.03E-05,7.55E-06]
}
