{
"tableName": "S2NMA",
"baseYear": 2007,
"minAge": 16,
"lx": [1000,999.697,999.3890933,999.0752851,998.754582,998.4269905,998.091519,997.7471774,997.3929772,997.0279314,996.6500578,996.259371,995.8528971,995.4296596,994.9886843,994.5270096,994.0426749,993.5337251,992.9972168,992.4292224,991.8268179,991.1870896,990.5051529,989.7771316,988.998177,988.1624735,987.2632457,986.2947404,985.249268,984.1182019,982.8929747,981.5631205,980.117278,978.5432097,976.8268449,974.953291,972.9049141,970.6633412,968.207563,965.5149777,962.5614674,959.3185978,955.7576072,951.8456913,947.5471562,942.8217385,937.6154768,931.8669564,925.5060325,918.4546021,910.6275319,901.9292178,892.2578307,881.4998781,869.5335172,856.2261763,841.438294,825.0243572,806.8342202,786.7174226,764.5288444,740.1357871,713.4228062,684.3030276,652.7292859,618.7090355,582.3171887,543.7101414,503.1346847,460.9362756,417.5653986,373.5782244,329.6230105,286.4176744,244.7126832,205.2407721,168.6763076,135.5897752,106.4058387,81.3687577,60.53030022,43.76171221,30.72667356,20.93949059,13.84261562,8.873241198,5.513131094,3.319356996,1.936326987,1.094315197,0.599180249,0.317896878,0.163466072,0.081492087,3.94E-02,1.849E-02,8.422E-03,3.728E-03,1.604E-03,6.720E-04,2.742E-04,1.091E-04,4.238E-05,1.609E-05,5.98E-06]
}
