{
"tableName": "S2PFA",
"baseYear": 2007,
"minAge": 16,
"lx": [1000,999.829,999.6540299,999.4730925,999.2861911,999.0923296,998.8895138,998.6767503,998.4510494,998.2114211,997.955879,997.6804432,997.3831344,997.0609797,996.7100142,996.3262809,995.9048348,995.4407432,994.9290866,994.3639669,993.738512,993.04687,992.2812308,991.4338227,990.4959263,989.4598675,988.3160519,987.055949,985.6701224,984.1482477,982.4820848,980.660563,978.6747253,976.5157689,974.1731076,971.6392833,968.906062,965.9673699,962.8163844,959.4494155,955.8620341,952.0538798,948.0238357,943.7728968,939.3041321,934.6160652,929.6756847,924.4369622,918.8468919,912.8459029,906.3646969,899.3276814,891.6465237,883.2240306,873.952828,863.7144706,852.3808093,839.8124543,825.86065,810.3658525,793.1642165,774.0909966,752.9861797,729.6985761,704.0941828,676.069122,645.5621789,612.5687871,577.151285,539.4529173,499.7076447,458.2474012,415.5089573,372.0367482,328.471617,285.5177121,243.9137842,204.3990194,167.674852,134.3571882,104.9340388,79.74787578,58.89332777,42.20961363,29.32711292,19.73409698,12.84975858,8.091158881,4.924230748,2.895442756,1.644533308,0.902167949,0.47805609,0.244746074,0.121111126,0.057959788,2.68E-02,1.20E-02,5.24E-03,2.21E-03,9.07E-04,3.62E-04,1.41E-04,5.35E-05,1.99E-05]
}
