{
"tableName": "S2PFL",
"baseYear": 2007,
"minAge": 16,
"lx": [1000,999.829,999.6540299,999.4740922,999.28819,999.0963267,998.8975065,998.6887369,998.4690254,998.2363821,997.9888195,997.7243525,997.440001,997.1327895,996.7997472,996.4369121,996.0403302,995.6060566,995.1291613,994.6047282,994.0258683,993.3877036,992.6823984,991.9031427,991.0431627,990.0927523,989.0442441,987.8890404,986.6176272,985.2205766,983.6885586,982.0113696,980.1779544,978.1774112,975.9980319,973.6302607,971.0627977,968.2865292,965.2916189,962.0704408,958.6166079,954.9240167,950.9878199,946.8044245,942.372433,937.6850725,932.7050271,927.3820795,921.6564226,915.4619697,908.7250851,901.3635032,893.2836808,884.3838954,874.5530841,863.6718946,851.6141713,838.245532,823.4194833,806.9815601,788.7728282,768.6401906,746.4387873,722.0339711,695.3114939,666.1932391,634.6529864,600.7307843,564.5361538,526.260038,486.1805998,444.6612628,402.1578713,359.2279207,316.5135656,274.6853483,234.4153775,196.3589786,161.1341415,129.2866229,101.227935,77.2103927,57.28007404,41.27201174,28.84451374,19.53087986,12.79954258,8.111940504,4.968522999,2.939586884,1.679400685,0.926305356,0.493261307,0.253627072,0.125984429,6.05E-02,2.81E-02,1.26E-02,5.50E-03,2.33E-03,9.55E-04,3.82E-04,1.49E-04,5.65E-05,2.10E-05]
}
