{
"tableName": "S2PFA_H",
"baseYear": 2007,
"minAge": 16,
"lx": [1000,999.829,999.6540299,999.4730925,999.2861911,999.0933288,998.8925111,998.6817448,998.4590387,998.2214055,997.9678572,997.695412,997.4010919,997.0809261,996.7319478,996.3501995,995.9317324,995.470616,994.9619305,994.399777,993.7782772,993.0905826,992.3288821,991.4854026,990.5524148,989.5212497,988.3833003,987.1290419,985.7500226,984.2378821,982.5833782,980.7764074,978.8070083,976.6653786,974.3418917,971.8271152,969.1128021,966.190927,963.0566036,959.7061297,956.1360229,952.3458997,948.3355711,944.1069428,939.6649197,935.00888,930.1075634,924.8766385,919.2210179,913.0659139,906.3302267,898.9218834,890.7371997,881.6623691,871.5752699,860.3458941,847.8399062,833.9141357,818.4150076,801.1783691,782.0390191,760.8426335,737.4520484,711.7437326,683.6213142,653.035413,620.0048818,584.6317433,547.0983854,507.6739286,466.7168267,424.6628404,382.0283898,339.4207635,297.5111242,256.9591679,218.36313,182.2666128,149.1680895,119.4978107,93.42279089,71.07624616,52.55256811,37.71487603,26.24084158,17.68244358,11.52974892,7.269495167,4.429499682,2.60731425,1.482195576,0.813652743,0.431327083,0.220851112,0.109288394,0.052301819,2.42E-02,1.09E-02,4.73E-03,1.99E-03,8.18E-04,3.27E-04,1.27E-04,4.83E-05,1.80E-05]
}
