{
"tableName": "S2PFA_L",
"baseYear": 2007,
"minAge": 16,
"lx": [1000,999.829,999.6540299,999.4730925,999.2861911,999.0913303,998.8875156,998.6727548,998.4460561,998.2054306,997.9478936,997.671462,997.3731583,997.0500094,996.6980507,996.3123286,995.8898921,995.4248116,994.9111724,994.344073,993.7176362,993.0240213,992.2564137,991.4070423,990.4671884,989.4281883,988.281441,987.0184173,985.6286954,984.1029422,982.4309513,980.6026473,978.6090821,976.4404844,974.0882393,971.5448949,968.8022236,965.8531897,962.692918,959.316754,955.7212348,951.9031284,947.8622997,943.5997629,939.1186076,934.4145625,929.4752471,924.3082942,918.8678156,913.1010012,906.9448743,900.3268975,893.164797,885.3638957,876.8165927,867.4022129,856.9855797,845.4171314,832.5346651,818.1651168,802.126626,784.2319831,764.292885,742.1260984,717.5669194,690.475898,660.7522915,628.3489991,593.2864966,555.6709462,515.7098701,473.7274767,430.1710776,385.6083651,340.7123688,296.2851795,253.1667973,212.1563078,174.0091186,139.3773018,108.7958311,82.63630869,60.98881863,43.68177761,30.32782138,20.39206316,13.26838138,8.348876887,5.077761876,2.983982311,1.693982886,0.928936171,0.492115084,0.25191568,0.124656947,5.97E-02,0.027629405,1.24E-02,5.39E-03,2.28E-03,9.33E-04,3.73E-04,1.45E-04,5.51E-05,2.05E-05]
}
