{
"tableName": "S2PMA_M",
"baseYear": 2007,
"minAge": 16,
"lx": [1000,999.697,999.3870939,999.0692888,998.7425932,998.4070157,998.0605684,997.6982724,997.3201448,996.9232114,996.5055006,996.0650451,995.5988867,995.1050696,994.5796542,994.0187112,993.419318,992.7755822,992.0826249,991.3355867,990.5276482,989.6520217,988.7029454,987.6717283,986.5507208,985.3303576,984.0011469,982.5517133,980.969805,979.2432981,977.3582548,975.2999383,973.0528473,970.598808,967.9180141,964.9881262,961.7843657,958.2805852,954.4493794,950.2641189,945.6971495,940.7189998,935.2995176,929.4080659,923.0155973,916.1049795,908.6405561,900.5554724,891.7723549,882.2080964,871.7777501,860.3958198,847.9734249,834.4168738,819.6268347,803.4973982,785.9184821,766.7813671,745.980889,723.417205,699.0004275,672.6613924,644.351765,614.0472572,581.7631086,547.5728907,511.621445,474.1267558,435.3735313,395.7149209,355.5834922,315.4992763,276.0501933,237.863894,201.5587279,167.7186299,136.8141243,109.1738404,85.02895385,64.49301601,47.47704968,33.85783068,23.39017446,15.65310238,10.14800019,6.373958921,3.878579499,2.286779444,1.306613178,0.723679468,0.388649164,0.202485048,0.102391019,5.03E-02,2.40E-02,1.11E-02,5.02E-03,2.20E-03,9.42E-04,3.93E-04,1.60E-04,6.34E-05,2.46E-05,9.34E-06,3.47E-06]
}
