{
"tableName": "S2PMA_H",
"baseYear": 2007,
"minAge": 16,
"lx": [1000,999.697,999.3870939,999.0692888,998.7425932,998.4080144,998.0605684,997.6952783,997.3101679,996.902268,996.4706093,996.0112364,995.5211989,994.9975547,994.4363761,993.8327532,993.1817927,992.4766337,991.7114342,990.8783966,989.9697611,988.9768214,987.8899359,986.6995285,985.3951118,983.964318,982.394895,980.6707919,978.7751553,976.6903642,974.3980719,971.8792529,969.1113408,966.0702694,962.7276663,959.0481211,954.9942247,950.5258067,945.6020831,940.1837831,934.2305394,927.7002679,920.5476989,912.7313284,904.2118941,895.1254688,885.5879069,875.5072598,864.7796694,853.292801,840.9354147,827.6040655,813.1929959,797.5927015,780.690117,762.3649779,742.4992713,720.9860974,697.7314118,672.657038,645.7110698,616.8794248,586.1859721,553.6872356,519.4942804,483.7977504,446.8786603,409.0914945,370.837758,332.5584012,294.7371994,257.9109653,222.6315822,189.4283081,158.7481204,130.8616319,105.9182271,84.01412588,65.18269562,49.38645153,36.37435621,25.95259392,17.93822529,12.0112204,7.791702695,4.897240978,2.981797806,1.758923762,1.005384992,0.556965189,0.299135421,0.155849853,7.88E-02,3.87E-02,1.85E-02,8.56E-03,3.86E-03,1.70E-03,7.25E-04,3.02E-04,1.23E-04,4.88E-05,1.89E-05,7.19E-06,2.67E-06]
}
