{
"tableName": "S2PMA_L",
"baseYear": 2007,
"minAge": 16,
"lx": [1000,999.697,999.3870939,999.0692888,998.7425932,998.4060169,998.0605684,997.7052589,997.3381033,996.9591149,996.565316,996.1557277,995.7283769,995.2812948,994.811522,994.3171007,993.7960786,993.2445217,992.6595007,992.0380959,991.3764065,990.6705465,989.9166462,989.1088742,988.2424148,987.3124787,986.3123312,985.2352781,984.0756562,982.824896,981.4754774,980.0189678,978.4460374,976.7474551,974.9121466,972.9301502,970.7906768,968.4821366,965.992169,963.3086427,960.4167902,957.3021586,953.9487291,950.340895,946.4616035,942.2829755,937.7571904,932.8330273,927.4552449,921.5612669,915.0799265,907.9313221,900.0241482,891.2552129,881.5093372,870.6606018,858.5688673,845.0841847,830.0425313,813.272352,794.5931126,773.8232432,750.7842038,725.3085942,697.2551084,666.5173142,633.0368165,596.8220463,557.9695279,516.6870364,473.3075429,428.3016753,382.270381,335.9388286,290.1345771,245.6752249,203.401889,164.2018701,128.8538051,97.95350298,72.05018889,51.34318075,35.44209499,23.69874668,15.34996261,9.631548937,5.855538702,3.449860893,1.970150009,1.09087797,0.585804743,0.30520017,0.154331181,7.58E-02,3.62E-02,1.68E-02,7.56E-03,3.32E-03,1.42E-03,5.92E-04,2.41E-04,9.56E-05,3.71E-05,1.41E-05,5.23E-06]
}
