{
"tableName": "S1DFA_L",
"baseYear": 2002,
"minAge": 0,
"lx": [1000,1000,1000,1000,1000,1000,1000,1000,1000,1000,1000,1000,1000,1000,1000,1000,1000,999.809,999.584043,999.3241511,999.0273519,998.6926777,998.3201653,997.9078591,997.4548089,996.9600713,996.4227099,995.8417954,995.2164068,994.5456309,993.8295581,993.066297,992.2549618,991.395669,990.4875506,989.5297491,988.5214183,987.4627118,986.3528038,985.1918665,983.9800805,982.7166501,981.4017752,980.0346825,978.6165724,977.1476689,975.62625,974.0467111,972.4025202,970.6833126,968.8807536,966.9827163,964.9771941,962.8503844,960.5857603,958.1660447,955.5703729,952.7762851,949.7588426,946.4897727,942.9366501,939.0630663,934.82977,930.1911447,925.0983482,919.4959526,913.3215373,906.5081586,898.9805149,890.6568543,881.4474624,871.254404,859.9734019,847.491748,833.6894974,818.4421502,801.6198902,783.0912481,762.725394,740.3981335,715.9938706,689.4140302,660.5854931,629.4672923,596.0646104,560.4366365,522.7125256,483.0998023,441.8971864,399.5020122,356.4129237,313.2263697,270.622885,229.3445058,190.1580155,153.8085502,121.0097997,92.4554803,68.52014328,49.2080835,34.21413442,23.01444544,14.96767474,9.407183573,5.711693799,3.349485748,1.896991302,1.037646654,0.548292492,0.279958146,0.13819434,6.60E-02,3.05E-02,1.37E-02,5.93E-03,2.50E-03,1.03E-03,4.09E-04,1.59E-04,6.05E-05]
}
