{
"tableName": "S1DFA",
"baseYear": 2002,
"minAge": 0,
"lx": [1000,1000,1000,1000,1000,1000,1000,1000,1000,1000,1000,1000,1000,1000,1000,1000,1000,999.803,999.5600479,999.2681763,998.9254274,998.5298529,998.0795159,997.5724915,997.0058704,996.3787537,995.6882632,994.9335315,994.1117164,993.2209923,992.2605476,991.2285966,990.1233767,988.9441398,987.6891697,986.3577647,984.9492458,983.4629574,981.8982678,980.2545701,978.5322628,976.7317635,974.8525316,972.8960025,970.8626499,968.7529653,966.5664899,964.2969918,961.9325356,959.4622928,956.8736635,954.1523148,951.2812705,948.2438294,945.0188522,941.5846537,937.9171814,933.9882464,929.7675535,925.2219199,920.3136176,915.0006471,909.238888,902.977869,896.1630951,888.7347992,880.6277603,871.7712869,862.089395,851.500351,839.9165402,827.2455593,813.3908507,798.2528335,781.7289999,763.7164003,744.1156189,722.8309357,699.776243,674.8789041,648.0862116,619.3708077,588.7373469,556.2319805,521.9491786,486.0416849,448.7263206,410.2897701,371.0935575,331.5720936,292.2270859,253.6159977,216.3324171,180.9793735,148.1352368,118.3150211,91.96153329,69.45238467,50.90922304,36.18296664,24.91356458,16.60631087,10.70912757,6.678404717,4.026056248,2.345745439,1.32080481,0.718738391,0.3780528,0.192270849,9.46E-02,4.50E-02,2.08E-02,9.28E-03,4.03E-03,1.70E-03,6.95E-04,2.77E-04,1.08E-04,4.09E-05]
}
