{
"tableName": "S1IFA",
"baseYear": 2002,
"minAge": 0,
"lx": [1000,1000,1000,1000,1000,1000,1000,1000,1000,1000,1000,1000,1000,1000,1000,1000,1000,997.018,993.8903545,990.6194614,987.2057867,983.6508587,979.9572497,976.1256169,972.1586423,968.057105,963.8237913,959.4595972,954.9674074,950.34823,945.605042,940.7389584,935.753042,930.6494449,925.4294321,920.0961823,914.6519732,909.0991211,903.43907,897.6751287,891.8097194,885.845296,879.7834566,873.6276118,867.3803007,861.0432203,854.6189768,848.109344,841.5169901,834.8437604,828.0907092,821.2589609,814.348888,807.3601458,800.2909004,793.1379003,785.8965513,778.5586352,771.1140575,763.5471152,755.8391071,747.9640195,739.8889999,731.5726476,722.9635006,713.9994762,704.6053851,694.6929965,684.1586719,672.8851053,660.7422207,647.5868431,633.268698,617.6339271,600.5322613,581.8250808,561.3983659,539.1726046,515.1158013,489.2569881,461.6951849,432.60885,402.2561478,370.9730895,339.162518,307.2754756,275.7889576,245.1791412,215.8920024,188.3178441,162.7706454,139.4732829,118.5525694,100.0420083,83.89152662,69.98273096,58.08090787,47.75319316,38.70138438,30.77549567,23.9117292,18.08374735,13.26643598,9.412337329,6.441389525,4.24261477,2.684510253,1.629492354,0.947862667,0.528039126,0.281649733,0.143860487,7.04E-02,3.30E-02,1.49E-02,6.46E-03,2.70E-03,1.09E-03,4.27E-04,1.63E-04]
}
