{
"tableName": "S1NFA",
"baseYear": 2002,
"minAge": 0,
"lx": [1000,1000,1000,1000,1000,1000,1000,1000,1000,1000,1000,1000,1000,1000,1000,1000,1000,999.824,999.6430319,999.4560986,999.2622041,999.0603532,998.8495514,998.6278068,998.3941279,998.1455278,997.8810192,997.597621,997.2933537,996.9652442,996.6093276,996.2226432,995.801241,995.3401851,994.8355476,994.282419,993.6749125,993.0061692,992.2713447,991.4626435,990.5733015,989.5965963,988.522884,987.3455532,986.0550926,984.6420756,983.0981568,981.4131266,979.5778841,977.5834635,975.4200713,973.0790631,970.5510037,967.8276376,964.899959,961.7621043,958.4055546,954.8259098,951.0171093,946.9762376,942.6996929,938.1794479,933.3750309,928.2321345,922.6878039,916.6700341,910.0965933,902.8740667,894.899883,886.0564823,876.2177111,865.2439605,852.9851841,839.2836831,823.9743094,806.8900261,787.8659799,766.7464445,743.3898143,717.6819077,689.5430355,658.9397365,625.8985213,590.5146002,552.9649578,513.5136729,472.5173088,430.4231043,387.7604271,345.1265559,303.1643436,262.5327424,223.8724333,187.7689737,154.7175034,125.0921959,99.1009147,76.75177552,57.97652594,42.62370413,30.44099701,21.08340409,14.14019637,9.171755573,5.747434771,3.476594556,2.028704174,1.141527494,0.619251269,0.323864079,0.163330808,7.95E-02,3.73E-02,1.69E-02,7.43E-03,3.16E-03,1.30E-03,5.21E-04,2.03E-04,7.73E-05]
}
