{
"tableName": "S1NFA_L",
"baseYear": 2002,
"minAge": 0,
"lx": [1000,1000,1000,1000,1000,1000,1000,1000,1000,1000,1000,1000,1000,1000,1000,1000,1000,999.824,999.6450315,999.4610968,999.2721987,999.0783399,998.8785242,998.6717563,998.4570419,998.2333875,997.9998009,997.754293,997.4958746,997.2235582,996.9353606,996.6283045,996.3014105,995.9517087,995.5762349,995.1730265,994.7381359,994.2676247,993.7585597,993.20603,992.6051403,991.9500209,991.2358169,990.4557143,989.6029319,988.6697364,987.6484405,986.5294349,985.3041653,983.9611957,982.4901737,980.8779074,979.1113462,977.1776013,975.0600575,972.7433148,970.2102912,967.4422812,964.4190241,961.120711,957.5251585,953.6069655,949.3243166,944.6270599,939.4590053,933.7574286,927.4508309,920.460634,912.697469,904.0642636,894.4522524,883.7429756,871.8080267,858.5077234,843.6958897,827.2185089,808.9196083,788.6416116,766.2355147,741.5642636,714.5149656,685.0069265,653.0054579,618.5359118,581.6952944,542.6670303,501.7320282,459.2739588,415.7807149,371.8372669,328.1080888,285.3093416,244.1731554,205.4030976,169.6263969,137.349038,108.9309726,84.4571242,63.86546383,47.00223517,33.60194492,23.29518675,15.63794239,10.15201146,6.366844139,3.854149999,2.250557663,1.267144984,0.687775886,0.359876669,0.181568936,8.84E-02,4.15E-02,1.88E-02,8.27E-03,3.52E-03,1.45E-03,5.80E-04,2.26E-04,8.60E-05]
}
