{
"tableName": "S1NFA_H",
"baseYear": 2002,
"minAge": 0,
"lx": [1000,1000,1000,1000,1000,1000,1000,1000,1000,1000,1000,1000,1000,1000,1000,1000,1000,999.823,999.6400324,999.4501008,999.2512102,999.043366,998.8245755,998.5928482,998.3461957,998.0836307,997.8021711,997.499837,997.1736546,996.8206551,996.4368792,996.0193721,995.5631952,995.0644181,994.5181277,993.9184333,993.2594654,992.5353792,991.7383733,990.8616766,989.8975682,988.8373879,987.6715486,986.3915263,984.9869047,983.4463852,981.7587912,979.9130847,977.8974035,975.6990901,973.3047245,970.7021077,967.8773646,964.8179042,961.5095436,957.9394587,954.0942897,949.9621073,945.5295842,940.7858622,935.7197304,930.3131418,924.5135696,918.2509147,911.4466754,904.0129163,895.8514877,886.8535554,876.9003979,865.8628526,853.6048322,839.9812991,824.8448361,808.0460462,789.4399779,768.8892764,746.2739361,721.4968952,694.4934309,665.2392841,633.7621569,600.1493134,564.5550577,527.2069179,488.407652,448.5350281,408.0341092,367.4061529,327.1913451,287.9473608,250.2239529,214.5352612,181.332926,150.9821462,123.7431552,99.76012309,78.91464681,61.02777405,46.03227352,33.79468567,24.10260638,16.67167642,11.16747244,7.235103871,4.528900089,2.736750919,1.595509365,0.89702568,0.486252504,0.254139871,0.128094882,6.23E-02,2.92E-02,0.013264921,5.82E-03,2.47E-03,1.02E-03,4.08E-04,1.59E-04,6.05E-05]
}
