{
"tableName": "S1NMA_L",
"baseYear": 2002,
"minAge": 0,
"lx": [1000,1000,1000,1000,1000,1000,1000,1000,1000,1000,1000,1000,1000,1000,1000,1000,1000,999.639,999.2751314,998.9083974,998.5378024,998.1623522,997.7820523,997.3949129,996.9999445,996.5961595,996.1805789,995.7522213,995.3091116,994.8482834,994.3667769,993.8616385,993.3289287,992.7637246,992.1621097,991.5201808,990.8310743,990.0889418,989.2879599,988.4203544,987.4783898,986.4543747,985.3396812,984.1247574,982.8011096,981.3583576,979.7862215,978.0755147,976.2161932,974.1973781,972.0093308,969.6434601,967.0903888,964.3409509,961.3891032,958.2270945,954.8503022,951.2552908,947.4388546,943.3999227,939.1395287,934.6513809,929.89494,924.8130641,919.337246,913.389134,906.8784963,899.6996461,891.7328057,882.8431214,872.8793539,861.6742016,849.0446429,834.7959757,818.7219792,800.611849,780.2554921,757.4533056,732.027113,703.8330888,672.7771576,638.8342044,602.0629076,562.6253789,520.7998082,476.9916908,431.7347192,385.6828719,339.5918403,294.2862137,250.6167881,209.4073684,171.3976276,137.1887179,107.1987154,81.63332256,60.48751648,43.56837179,30.48404908,20.7061684,13.64650381,8.722626894,5.405394441,3.246760982,1.889933074,1.066069668,0.582744597,0.308726432,0.15854862,0.078954201,3.81E-02,1.79E-02,8.14E-03,3.60E-03,1.55E-03,6.49E-04,2.65E-04,1.05E-04,4.09E-05,1.55E-05]
}
