{
"tableName": "S1NMA_H",
"baseYear": 2002,
"minAge": 0,
"lx": [1000,1000,1000,1000,1000,1000,1000,1000,1000,1000,1000,1000,1000,1000,1000,1000,1000,999.635,999.2591372,998.8694262,998.4628863,998.0355442,997.5834341,997.1016013,996.5831085,996.0230288,995.4124666,994.7425541,994.0034603,993.1844015,992.271665,991.252602,990.110679,988.8294758,987.3897401,985.7723957,983.9566029,981.9198128,979.639795,977.0917519,974.2523232,971.09672,967.6007718,963.7419799,959.498624,954.8508126,949.7796,944.2718281,938.3144171,931.901038,925.0282679,917.6964938,909.9135099,901.6906215,893.0452118,883.9995569,874.5805416,864.8219719,854.7597683,844.4359798,833.8948854,823.1609905,812.1627365,800.7883974,788.9095023,776.3776748,763.0294135,748.6905647,733.1799423,716.3190032,697.9382575,677.8878873,656.049729,632.3440281,606.7404184,579.2641785,550.00149,519.1007563,486.770123,453.273037,418.9212866,384.0628464,349.0712645,314.3320413,280.2304725,247.1386165,215.4055238,185.3474062,157.2398428,131.313194,107.7473343,86.66936978,68.15141889,52.20943898,38.80184622,27.82949894,19.16762306,12.68467292,8.081405115,4.965902222,2.948335604,1.694119535,0.943580534,0.510175123,0.268137841,0.137166449,6.84E-02,3.32E-02,1.58E-02,7.33E-03,3.33E-03,1.48E-03,6.43E-04,2.74E-04,1.14E-04,4.69E-05,1.88E-05,7.42E-06,2.87E-06,1.09E-06]
}
