{
"tableName": "S1NMA",
"baseYear": 2002,
"minAge": 0,
"lx": [1000,1000,1000,1000,1000,1000,1000,1000,1000,1000,1000,1000,1000,1000,1000,1000,1000,999.636,999.2621361,998.8784195,998.4838625,998.0764811,997.6562909,997.2223104,996.7725631,996.3050768,995.8188799,995.3130039,994.7844927,994.2313926,993.6517557,993.0436408,992.4031276,991.7282935,991.0152409,990.2600872,989.4589668,988.6070427,987.70049,986.7335312,985.7004212,984.5934796,983.4070445,982.132549,980.7614919,979.2844651,977.69019,975.9674999,974.1043779,972.0860337,969.8968959,967.5206485,964.9373684,962.1274708,959.0679054,955.7332263,952.0966614,948.1283225,943.7953761,939.0622423,933.8889484,928.2286475,922.0123002,915.1599048,907.5796353,899.1727251,889.8312197,879.4362114,867.8601925,854.9698651,840.6243257,824.6785229,806.9875192,787.410002,765.8121331,742.075786,716.1046176,687.8335234,657.2366248,624.3393028,589.2270847,552.0551049,513.055724,472.5453571,430.9235621,388.670214,346.3362543,304.5261954,263.87408,225.0149275,188.5492333,155.0078331,124.8169575,98.26963878,75.50675446,56.51038764,41.12227002,29.07369164,19.96196761,13.30529019,8.606580182,5.401575788,3.288695403,1.942227865,1.112605232,0.618255813,0.333298618,0.174349174,8.85E-02,4.36E-02,2.09E-02,9.72E-03,4.40E-03,1.94E-03,8.29E-04,3.46E-04,1.41E-04,5.60E-05,2.17E-05,8.25E-06]
}
