{
"tableName": "S1PFA_H",
"baseYear": 2002,
"minAge": 0,
"lx": [1000,1000,1000,1000,1000,1000,1000,1000,1000,1000,1000,1000,1000,1000,1000,1000,1000,999.823,999.6380327,999.4431033,999.2362186,999.0133889,998.7726267,998.5089507,998.2173861,997.8929655,997.5297324,997.1197477,996.6550899,996.1268627,995.524206,994.8372943,994.0533625,993.1597085,992.1437061,990.9918273,989.688673,988.2209647,986.5745886,984.7366001,982.6942564,980.4370077,977.9555216,975.2416951,972.2915889,969.1034448,965.6776641,962.0187115,958.1350419,954.0370984,949.7401153,945.2620906,940.6236896,935.8500243,930.9667589,926.0019132,920.9765008,915.8761329,910.6730406,905.3319432,899.811229,894.0623351,888.0265203,881.6362814,874.8141799,867.4718645,859.5110752,850.8231372,841.289664,830.7827974,819.1684539,806.3058708,792.0544145,776.2727303,758.8244482,739.5852131,718.4441698,695.3131413,670.1309853,642.8700568,613.5448963,582.2148397,548.9930787,514.0491203,477.6112624,439.9688084,401.4710977,362.5219777,323.573704,285.1156749,247.6608841,211.7270234,177.8168234,146.3939234,117.8588199,92.52447724,70.62661669,52.34993145,37.6476626,26.24938098,17.73332055,11.60188311,7.347809026,4.5034795,2.670635399,1.532215636,0.850496126,0.456799768,0.237455483,0.119505408,5.83E-02,0.027521086,1.26E-02,5.61E-03,2.42E-03,1.02E-03,4.16E-04,1.66E-04,6.43E-05,2.44E-05]
}
