{
"tableName": "S1PFL",
"baseYear": 2002,
"minAge": 0,
"lx": [1000,1000,1000,1000,1000,1000,1000,1000,1000,1000,1000,1000,1000,1000,1000,1000,1000,999.823,999.6380327,999.4421037,999.2342197,999.0103913,998.7676317,998.5009608,998.206403,997.8779931,997.5087782,997.0908221,996.6162068,996.0760408,995.4584737,994.7536891,993.9479386,993.0285368,991.9828777,990.7954742,989.4529463,987.9400728,986.2437797,984.3511779,982.2495881,979.9295146,977.3816978,974.6000695,971.5817331,968.3259627,964.836116,961.1176376,957.1808997,953.039178,948.710474,944.2135864,939.5727766,934.8138405,929.9649611,925.0556761,920.1084783,915.1122893,910.0425672,904.8689752,899.5546797,894.0539028,888.3122887,882.2646586,875.8364783,868.9401419,861.4785529,853.3410265,844.4065459,834.5438775,823.6146908,811.4729631,797.970053,782.9578424,766.2933676,747.8433222,727.4885227,705.1320729,680.7041825,654.1689721,625.5301086,594.8372228,562.1907715,527.7459051,491.7145812,454.3678753,416.0346751,377.0979899,337.9891574,299.1798904,261.1693845,224.4709072,189.5926177,157.0175725,127.1803083,100.4425562,77.10944904,57.4625783,41.53251503,29.09398364,19.74064612,12.9670777,8.242717444,5.068958005,3.015132807,1.734599874,0.965183408,0.519514795,0.270563305,0.136387986,6.66E-02,3.15E-02,1.44E-02,6.42E-03,2.78E-03,1.17E-03,4.77E-04,1.90E-04,7.38E-05,2.80E-05]
}
