{
"tableName": "S1PFA",
"baseYear": 2002,
"minAge": 0,
"lx": [1000,1000,1000,1000,1000,1000,1000,1000,1000,1000,1000,1000,1000,1000,1000,1000,1000,999.823,999.6380327,999.4431033,999.2362186,999.0143882,998.7746247,998.511947,998.223377,997.9019491,997.5427044,997.1386996,996.6820101,996.1637354,995.5750027,994.9049807,994.1428835,993.276985,992.2946341,991.1832641,989.9294173,988.5217376,986.946034,985.1912439,983.2464764,981.1020159,978.7503143,976.1850098,973.4019063,970.4009082,967.1840292,963.756329,960.1248952,956.3026379,952.302424,948.142767,943.8429396,939.4266985,934.9174503,930.3419643,925.7209558,921.0423621,916.2842572,911.4197041,906.4150985,901.2304041,895.8176143,890.1220059,884.0789676,877.6136982,870.6419349,863.0682207,854.7879442,845.6853074,835.6351832,824.5036869,812.1517972,798.4345534,783.2060111,766.3240055,747.6517548,727.0651638,704.4585266,679.7510527,652.8934089,623.8755613,592.7341888,559.5588563,524.4991366,487.7700355,449.6532461,410.49924,370.7239162,330.8021405,291.2570603,252.6448205,215.5348334,180.4845588,148.0123184,118.5673399,92.52864778,70.22470976,51.76523188,37.0180938,25.65505674,17.21600541,11.17816294,7.018231957,4.258993008,2.497311658,1.414654632,0.774155601,0.409313098,0.209143439,0.103316022,4.94E-02,2.28E-02,1.02E-02,4.45E-03,1.88E-03,0.000769164,3.07E-04,1.19E-04,4.54E-05]
}
