{
"tableName": "S1PFA_L",
"baseYear": 2002,
"minAge": 0,
"lx": [1000,1000,1000,1000,1000,1000,1000,1000,1000,1000,1000,1000,1000,1000,1000,1000,1000,999.823,999.6390326,999.4461022,999.2422152,999.0253797,998.7916077,998.5389135,998.2633167,997.9608429,997.6255281,997.2524161,996.8355646,996.3680487,995.8419664,995.2494404,994.5816281,993.8297244,992.9829814,992.0317037,990.9652697,989.7731384,988.4438731,986.9681264,985.3356811,983.5384288,981.5684014,979.4187666,977.0838322,974.5610018,971.8487985,968.9478299,965.861731,962.5961525,959.1587216,955.5609173,951.8151185,947.9364719,943.9428155,939.8527113,935.6807051,931.4149368,927.0344923,922.5142721,917.8269771,912.9386306,907.8115673,902.4010104,896.6563255,890.518713,883.9217504,876.7902697,869.0403205,860.5767368,851.2945561,841.0790214,829.8035161,817.3340586,803.5268344,788.2317011,771.296543,752.5679203,731.9001475,709.1585462,684.2294958,657.0279522,627.5103144,595.6829913,561.6170724,525.4562339,487.4294917,447.8555787,407.1459545,365.8002828,324.396812,283.5717976,243.9925475,206.3235141,171.1857943,139.1167036,110.5255778,85.66417535,64.64244371,47.40573002,33.73131017,23.25436523,15.51335911,10.004224,6.231100905,3.745950931,2.172550399,1.215252999,0.655560939,0.341078523,0.171205729,8.29E-02,3.88E-02,1.76E-02,7.69E-03,3.26E-03,1.34E-03,5.37E-04,2.09E-04,7.96E-05]
}
