{
"tableName": "S1PMA",
"baseYear": 2002,
"minAge": 0,
"lx": [1000,1000,1000,1000,1000,1000,1000,1000,1000,1000,1000,1000,1000,1000,1000,1000,1000,999.639,999.2751314,998.9073982,998.5348057,998.156361,997.7710726,997.3769531,996.972018,996.5542868,996.1217822,995.670539,995.1975955,994.6980063,994.1678323,993.6021508,992.9950599,992.3396831,991.6291679,990.8547055,990.0085156,989.0808777,988.0611353,986.9386978,985.7030506,984.340809,982.8406736,981.1904841,979.3772441,977.3881289,975.2114855,972.8358703,970.2510454,967.4470199,964.4160084,961.1514602,957.6490243,953.9055742,949.9220646,945.699661,941.2359586,936.4996592,931.4481801,926.0318089,920.1959565,913.8788112,907.0110119,899.51638,891.310092,882.2998383,872.3836704,861.4535754,849.3932254,836.0798359,821.3848967,805.1789727,787.3313756,767.7158017,746.2136176,722.7205742,697.1521658,669.4529159,639.6026798,607.6276627,573.6071975,537.6844731,500.0712935,461.0552311,420.9996747,380.3424731,339.5872558,299.2897945,260.0376386,222.4237143,187.0165281,154.3266,124.7739821,98.66040968,76.1485707,57.25260748,41.85325914,29.72410093,20.49863173,13.7214971,8.912386794,5.615516671,3.431698393,2.033782326,1.168851311,0.651463953,0.352165778,0.184675734,9.40E-02,4.64E-02,2.23E-02,1.04E-02,4.70E-03,2.07E-03,8.87E-04,3.71E-04,1.51E-04,6.00E-05,2.33E-05,8.84E-06]
}
