{
"tableName": "S1PMA_H",
"baseYear": 2002,
"minAge": 0,
"lx": [1000,1000,1000,1000,1000,1000,1000,1000,1000,1000,1000,1000,1000,1000,1000,1000,1000,999.639,999.2751314,998.9063989,998.531809,998.1493713,997.7551023,997.3460227,996.9161666,996.459579,995.9693209,995.4344853,994.8422018,994.1786421,993.4260488,992.563755,991.567221,990.4090705,989.0581525,987.4806048,985.637966,983.4912465,980.9990796,978.1188664,974.8098902,971.0325019,966.7521906,961.9387315,956.5691895,950.6308079,944.1208882,937.0475345,929.4330862,921.3107705,912.7278393,903.7429465,894.424453,884.8505336,875.1047898,865.276488,855.4339679,845.5588382,835.6032284,825.5074702,815.1985329,804.5895392,793.579536,782.0535868,769.8840509,756.9338313,743.0569634,728.1051711,711.9332272,694.4025834,675.3919239,654.8005749,632.558309,608.6311584,583.0248283,555.7923216,527.0322921,496.8928964,465.5667807,433.2899669,400.333932,367.0005275,333.6115535,300.501274,268.0068693,236.4592447,206.1744905,177.4459308,150.5366103,125.6736826,103.0418632,82.77868079,64.96992374,49.64566273,36.77691121,26.27357247,18.01394949,11.86146518,7.516408842,4.592849008,2.711213884,1.548886668,0.857762595,0.461188068,0.24108883,0.122699267,6.09E-02,2.95E-02,1.39E-02,6.44E-03,2.92E-03,1.29E-03,5.61E-04,2.38E-04,9.95E-05,4.07E-05,1.63E-05,6.44E-06,2.49E-06,9.42E-07]
}
