{
"tableName": "S1PMA_L",
"baseYear": 2002,
"minAge": 0,
"lx": [1000,1000,1000,1000,1000,1000,1000,1000,1000,1000,1000,1000,1000,1000,1000,1000,1000,999.639,999.276131,998.9113953,998.5437959,998.1733361,997.7990211,997.4208553,997.0368483,996.6470068,996.2503413,995.8458637,995.4325877,995.0085334,994.5727196,994.1221782,993.6559349,993.1710308,992.6645136,992.1334381,991.5748669,990.9838883,990.3565955,989.6881048,988.9725603,988.2041286,987.3760136,986.4794762,985.5068074,984.4473876,983.2906619,982.0261501,980.6395292,979.1175766,977.4432856,975.600805,973.5715553,971.3342879,968.8670988,966.14652,963.1495335,959.8574884,956.2522636,952.3134606,948.0156699,943.3296285,938.2205552,932.6475251,926.5638653,919.9129899,912.6300387,904.6408754,895.8577171,886.180662,875.4959818,863.6732841,850.5679056,836.0163899,819.8386368,801.8407192,781.8163509,759.5517848,734.8344507,707.4670112,677.2801013,644.1556861,608.0520482,569.0315241,527.2930618,483.1960704,437.2803638,390.2696637,343.0513274,296.6323662,252.0669127,210.3647106,172.3926182,138.7870908,109.8963372,85.76475001,66.08165412,50.14824392,37.3597898,27.24044241,19.38604221,13.43229786,9.041387145,5.900626244,3.7274433,2.275943332,1.341695906,0.762975502,0.418281482,0.220995675,0.112519285,5.52E-02,2.61E-02,1.19E-02,5.27E-03,2.25E-03,9.29E-04,3.73E-04,1.45E-04,5.53E-05]
}
