{
"tableName": "S3DFA_L",
"baseYear": 2013,
"minAge": 0,
"lx": [1000,1000,1000,1000,1000,1000,1000,1000,1000,1000,1000,1000,1000,1000,1000,1000,1000,999.857,999.6970229,999.5140783,999.3161745,999.115312,998.9134907,998.7087134,998.500982,998.2883013,998.0706745,997.8471066,997.6156061,997.3751807,997.1248396,996.8625957,996.5864648,996.2954615,995.98661,995.6589304,995.3084584,994.9332271,994.5302792,994.096664,993.6294385,993.1236812,992.5754769,991.9799316,991.3331607,990.6283228,989.8160076,988.840049,987.6860727,986.3428196,984.7991931,983.0472353,981.0801578,978.8933301,976.4823159,973.8428842,970.9710215,967.8619723,964.5112341,960.9107137,957.0507354,952.9191473,948.5004612,943.775032,938.7192291,933.3046966,927.4958082,921.2519064,914.5240037,907.2553669,899.3803903,890.8218865,881.4905273,871.2855114,860.0903639,847.7730098,834.1840562,819.1578988,802.510972,784.044392,763.5455514,740.7957117,715.5753217,687.6786178,656.9290684,623.20233,585.9884261,545.0243192,500.7449084,453.777039,404.9370163,355.2143951,305.731609,257.6816064,212.2430627,170.4861503,133.2758431,101.1934156,74.48705652,53.06681368,36.5426039,24.30024691,15.59847429,9.667466413,5.790532025,3.357923731,1.889453314,1.03226314,0.547588757,0.282064611,0.141088437,6.85E-02,0.032328799,1.48E-02,6.59E-03,2.85E-03,1.20E-03,4.87E-04,1.93E-04,7.42E-05]
}
