{
"tableName": "S3IFA",
"baseYear": 2013,
"minAge": 0,
"lx": [1000,1000,1000,1000,1000,1000,1000,1000,1000,1000,1000,1000,1000,1000,1000,1000,1000,990.632,981.3517594,972.1584561,963.0512757,954.0294114,945.0920638,936.2384414,927.4677597,918.7792417,910.1721178,901.6456254,893.1990091,884.8315208,876.5424191,868.3309698,860.1964452,852.1381249,844.155295,836.2472482,828.413284,820.6527083,812.9648337,805.3489792,797.8044699,790.3306377,782.9268203,775.5923618,768.3266126,761.1289289,753.998673,746.9352135,739.9379244,733.0061859,726.139384,719.3369102,712.598162,705.9225425,699.3094601,692.7583291,686.268569,679.8396051,673.4708677,667.1617926,660.9118209,654.720399,648.5869783,642.5110155,636.4919723,630.5293155,624.6117978,618.6592474,612.5691658,606.2437766,599.5835824,592.4863116,584.8438306,576.5402179,567.4499083,557.4378221,546.3587454,534.0602101,520.3834621,505.1684905,488.2615114,469.5728138,449.0759605,426.7461074,402.6012394,376.7151875,349.2277872,320.3564275,290.4040626,259.7614972,228.9026106,198.370207,168.751353,140.6421026,114.6044676,91.11914707,70.54198345,53.07021553,38.72703452,27.36700112,18.70304644,12.35012655,7.876429056,4.852707323,2.890990682,1.668338685,0.934663392,0.508648491,0.268890412,0.138079798,6.89E-02,3.34E-02,1.57E-02,7.18E-03,3.19E-03,1.38E-03,5.77E-04,2.35E-04,9.30E-05,3.57E-05]
}
