{
"tableName": "S3IMA",
"baseYear": 2013,
"minAge": 0,
"lx": [1000,1000,1000,1000,1000,1000,1000,1000,1000,1000,1000,1000,1000,1000,1000,1000,1000,985.79,971.7819241,957.972903,944.360108,930.9407509,917.7120828,904.6713941,891.8160136,879.143308,866.6506816,854.3355754,842.1954669,830.2278693,818.4303313,806.8004363,795.3358021,784.0340804,772.8929561,761.9101472,751.083404,740.4105088,729.8892755,719.5175489,709.2932045,699.2141481,689.278315,679.4836702,669.8282072,660.3099484,650.926944,641.6772721,632.5590381,623.5703742,614.7094392,605.974418,597.3635216,588.8749859,580.5070724,572.2580669,564.1262797,556.1100453,548.2077216,540.4176898,532.7383545,525.1681424,517.7034025,510.2992084,502.8738446,495.3498462,487.6521095,479.7067937,471.4395268,462.7735255,453.6309717,443.930527,433.5887214,422.5200686,410.6383817,397.858494,384.0993537,369.2888667,353.3673465,336.2958166,318.0621938,298.6906158,278.2491262,256.8587246,234.6992656,212.0125305,189.0997003,166.3145101,144.0468266,122.7003833,102.6647605,84.27431925,67.74686113,53.22613441,40.78665453,30.42301034,22.04740348,15.49692148,10.54993222,6.948976602,4.426157596,2.726490948,1.625588433,0.939658389,0.527975256,0.289402773,0.154908333,0.080814438,4.11E-02,0.020359623,9.83E-03,4.63E-03,2.12E-03,9.48E-04,4.13E-04,1.75E-04,7.23E-05,2.91E-05,1.14E-05,4.37E-06]
}
