{
"tableName": "S3NFA",
"baseYear": 2013,
"minAge": 0,
"lx": [1000,1000,1000,1000,1000,1000,1000,1000,1000,1000,1000,1000,1000,1000,1000,1000,1000,999.857,999.6970229,999.5140783,999.3161745,999.1143127,998.9084951,998.6987243,998.4840041,998.2643376,998.0397282,997.809181,997.5717024,997.3272973,997.0739762,996.8117457,996.5396161,996.2575954,995.9627032,995.6549507,995.3323585,994.9939455,994.6367427,994.2597753,993.8600829,993.4357047,992.9836914,992.5001083,991.9820233,991.4255214,990.8257089,990.1777089,989.4746827,988.7108083,987.8783138,986.9684779,985.9716397,984.8772112,983.6717215,982.3417973,980.8712316,979.2410237,977.430407,975.4159229,973.1695401,970.6636285,967.8787945,964.7961006,961.3932647,957.6419082,953.5087257,948.9538146,943.9291041,938.3769131,932.2277292,925.3991611,917.7933054,909.2954572,899.769678,889.0570202,876.9747353,863.3105919,847.8245265,830.2482763,810.286617,787.6245209,761.9400852,732.9200732,700.2882728,663.8424699,623.4994353,579.3488168,531.7060669,481.1594296,428.5932431,375.2166692,322.314871,271.1386827,222.9123298,178.7351184,139.4839928,105.733051,77.70734279,55.27968264,38.01395824,25.24621009,16.18645612,10.02093786,5.996278695,3.474105961,1.953250069,1.066347576,0.565304973,0.291023523,0.145495464,7.06E-02,3.33E-02,1.53E-02,6.79E-03,2.93E-03,1.23E-03,5.01E-04,1.98E-04,7.63E-05]
}
