{
"tableName": "S3NFA_H",
"baseYear": 2013,
"minAge": 0,
"lx": [1000,1000,1000,1000,1000,1000,1000,1000,1000,1000,1000,1000,1000,1000,1000,1000,1000,999.857,999.6970229,999.5140783,999.3161745,999.1133134,998.9054978,998.691732,998.4720198,998.2453667,998.0117773,997.7702584,997.5198181,997.2594654,996.9892081,996.7070601,996.4120349,996.1031471,995.7794136,995.4378613,995.0775128,994.6963981,994.2925513,993.8620227,993.4028584,992.9121174,992.3848811,991.8182293,991.2062774,990.5441516,989.8250166,989.0430548,988.1885216,987.2536953,986.2279387,985.0987077,983.8535429,982.476148,980.94938,979.2533186,977.3653182,975.2581185,972.9028702,970.2643576,967.3040811,963.9813915,960.2652433,956.1265001,951.5304,946.4349547,940.8121846,934.6103507,927.735357,920.0806125,911.5293833,901.9510326,891.2006782,879.1213442,865.5433151,850.286383,833.1633159,813.9838963,792.5606542,768.718052,742.3018249,713.1917165,681.3156127,646.6652633,609.3125844,569.4245453,527.2751711,483.2550761,437.8735584,391.750585,345.6000156,299.9759752,255.5450336,213.2456864,173.9619925,138.4525227,107.2836754,80.77806328,58.99003861,41.71403893,28.52526953,18.84627475,12.02531791,7.412105329,4.417481358,2.550136891,1.429117115,0.777944189,0.411348881,0.211279069,0.10541241,5.11E-02,0.024051372,1.10E-02,4.89E-03,2.11E-03,8.84E-04,3.60E-04,1.42E-04,5.47E-05]
}
