{
"tableName": "S3NFA_L",
"baseYear": 2013,
"minAge": 0,
"lx": [1000,1000,1000,1000,1000,1000,1000,1000,1000,1000,1000,1000,1000,1000,1000,1000,1000,999.857,999.6970229,999.5140783,999.3161745,999.1143127,998.9084951,998.6987243,998.4850028,998.2663346,998.0417247,997.811177,997.5746958,997.33029,997.0779654,996.8177281,996.5475905,996.266564,995.9736617,995.6678978,995.3472927,995.0108653,994.6566414,994.2826505,993.8869261,993.4665119,993.0184585,992.5398236,992.027673,991.4770977,990.8841944,990.2430923,989.5489319,988.7939061,987.9722183,987.0741516,986.0910257,985.0112561,983.8233325,982.5128798,981.0646558,979.459634,977.677997,975.6962437,973.4872674,971.0623106,968.4423845,965.6096905,962.5419485,959.2125159,955.5895702,951.6324738,947.2930297,942.5129891,937.2236062,931.3415909,924.7681819,917.3857575,909.0540601,899.6089884,888.8577614,876.5755248,862.5021048,846.3448528,827.7743541,806.4343312,781.9501785,753.9485426,722.0859233,686.0906621,645.8137097,601.2906668,552.8092016,500.9634378,446.6865542,391.3653178,336.4446314,283.2349036,233.0233031,186.9702087,146.0057838,110.745387,81.43883526,57.96612697,39.88185468,26.49941858,16.99744256,10.52728106,6.301577807,3.65220545,2.053996693,1.121646514,0.594763159,0.306253661,0.153138468,7.44E-02,3.51E-02,1.61E-02,7.15E-03,3.09E-03,1.30E-03,5.28E-04,2.09E-04,8.04E-05]
}
