{
"tableName": "S3NFA_M",
"baseYear": 2013,
"minAge": 0,
"lx": [1000,1000,1000,1000,1000,1000,1000,1000,1000,1000,1000,1000,1000,1000,1000,1000,1000,999.857,999.6970229,999.5140783,999.3161745,999.1143127,998.9084951,998.6977254,998.4820067,998.2613422,998.0347369,997.8011967,997.5607267,997.312334,997.0550275,996.7888138,996.5117065,996.2237146,995.922855,995.6081434,995.2776015,994.9292543,994.5621254,994.1732517,993.7606698,993.3214275,992.8535731,992.3521821,991.8143272,991.2351076,990.6096383,989.9330519,989.1985216,988.39826,987.5245159,986.5685922,985.5198698,984.365826,983.093041,981.6872179,980.1292803,978.4003323,976.4767972,974.3334307,971.9404677,969.2122309,966.0681064,962.4859258,958.4425225,953.9138815,948.8705389,943.2797936,937.1031975,930.2913944,922.7867337,914.5194874,905.4053862,895.3436161,884.2153903,871.8814698,858.1807244,842.9282784,825.9137711,806.9028879,785.6418037,761.8604263,735.2852109,705.6539522,672.7422519,636.3933153,596.5601849,553.3519273,507.0828525,458.3116237,407.8634301,356.7997444,306.2704782,257.4595395,211.5220637,169.491572,132.1880025,100.1432513,73.55802208,52.30041572,35.94754014,23.86294773,15.29314276,9.464237863,5.661166377,3.278907938,1.842975784,1.005888811,0.533133141,0.27440576,0.137162817,6.66E-02,3.14E-02,1.44E-02,6.39E-03,2.76E-03,1.16E-03,4.72E-04,1.87E-04,7.19E-05]
}
