{
"tableName": "S3NFA_VL",
"baseYear": 2013,
"minAge": 0,
"lx": [1000,1000,1000,1000,1000,1000,1000,1000,1000,1000,1000,1000,1000,1000,1000,1000,1000,999.857,999.6970229,999.5140783,999.3161745,999.115312,998.9114925,998.7047178,998.4939911,998.2793149,998.0596934,997.8361281,997.6066258,997.3711906,997.1288294,996.8795472,996.6223523,996.3562541,996.079267,995.7914001,995.4916669,995.1780871,994.8486831,994.5024758,994.1374934,993.751768,993.3423423,992.9072583,992.4425777,991.945364,991.4126893,990.8386614,990.2193872,989.5499989,988.8236692,988.0335991,987.1710458,986.2282974,985.1947302,984.0597859,982.8100299,981.4311475,979.9060035,978.2166455,976.3414042,974.2569153,971.9547462,969.4315517,966.6793355,963.6864963,960.435018,956.8996567,953.0471787,948.8328041,944.2015512,939.0820904,933.3865575,927.0049936,919.8040188,911.6196027,902.250888,891.4554561,878.9429873,864.3683547,847.3307901,827.373608,803.9953393,776.6715577,744.8948176,708.2363089,666.8002354,620.9623869,571.0158982,517.5722363,461.5926583,404.5084175,347.8125177,292.8612702,240.9879248,193.3952196,151.0488221,114.5891106,84.27822822,59.99573227,41.28384332,27.43439369,17.59919098,10.90111489,6.525985131,3.782591501,2.127492112,1.161863865,0.616127112,0.317271576,0.158655459,7.70E-02,3.63E-02,1.66E-02,7.40E-03,3.20E-03,1.34E-03,5.47E-04,2.17E-04,8.33E-05]
}
