{
"tableName": "S3NMA_H",
"baseYear": 2013,
"minAge": 0,
"lx": [1000,1000,1000,1000,1000,1000,1000,1000,1000,1000,1000,1000,1000,1000,1000,1000,1000,999.785,999.4770662,999.0342979,998.5577585,998.0784508,997.5814077,997.0656581,996.5292368,995.9711804,995.3885373,994.7803549,994.1446903,993.4786133,992.7792044,992.043555,991.268769,990.4509722,989.5863085,988.6709412,987.7000663,986.6679198,985.5697584,984.3989015,983.1477305,981.8096664,980.3762243,978.838014,977.1857355,975.4072574,973.4915576,971.424835,969.1925007,966.7792114,964.1679407,961.339072,958.2724004,954.9443203,951.330811,947.4056201,943.1394526,938.5001496,933.4538343,927.9632588,921.9881034,915.5037611,908.4754387,900.8406111,892.5321582,883.4765269,873.5921915,862.7928448,850.9837992,838.0641631,823.9276968,808.4633979,791.5560029,773.0897929,752.9500307,731.0271376,707.2212388,681.4493897,653.6510247,623.7968215,591.8977234,558.0145382,522.2686849,484.8502227,446.0268108,406.1484457,365.6473227,325.0330464,284.8797639,245.8056555,208.4444249,173.4017904,141.1970897,112.2694771,86.94878061,65.41695848,47.74410923,33.77838435,23.1336332,15.32133587,9.807876548,6.0691042,3.633384542,2.107987977,1.188321306,0.653252307,0.350558705,0.183296279,9.34E-02,4.64E-02,2.24E-02,1.06E-02,4.85E-03,2.17E-03,9.45E-04,4.01E-04,1.66E-04,6.69E-05,2.63E-05,1.00E-05]
}
