{
"tableName": "S3NMA_VL",
"baseYear": 2013,
"minAge": 0,
"lx": [1000,1000,1000,1000,1000,1000,1000,1000,1000,1000,1000,1000,1000,1000,1000,1000,1000,999.785,999.4770662,999.0342979,998.5577585,998.0844421,997.6063597,997.1225206,996.6319363,996.134617,995.6295767,995.1148363,994.5904107,994.0543265,993.5056085,992.9432843,992.3663843,991.7729492,991.1610253,990.5296557,989.8768967,989.2008107,988.4984782,987.7689663,987.009372,986.2168034,985.3883813,984.5212395,983.6125264,982.6594059,981.658076,980.6037752,979.4927511,978.3212778,977.0837014,975.7753863,974.3897852,972.9223542,971.3666514,969.7153281,967.961113,966.0968199,964.1143893,962.004907,959.7586255,957.3601887,954.780103,951.9864164,948.9419639,945.603586,941.9223513,937.8410017,933.2943486,928.2050945,922.4845665,916.029942,908.7227711,900.4270409,890.9860634,880.2211698,867.9306416,853.8883918,837.8446828,819.5260466,798.6428839,774.8944391,747.9808054,717.6210125,683.5756365,645.6788867,603.8737615,558.2589492,509.1327199,457.0357144,402.7823758,347.6990665,293.4277623,241.4872338,193.3129455,150.1202609,112.9110026,82.17967632,57.79606238,39.23601287,25.69762663,16.23928108,9.910053756,5.850122753,3.349587235,1.867029778,1.014282597,0.536139638,0.275780043,0.138058799,0.067271221,3.19E-02,1.47E-02,6.62E-03,2.90E-03,1.24E-03,5.13E-04,2.07E-04,8.16E-05,3.13E-05]
}
