{
"tableName": "S3NMA_M",
"baseYear": 2013,
"minAge": 0,
"lx": [1000,1000,1000,1000,1000,1000,1000,1000,1000,1000,1000,1000,1000,1000,1000,1000,1000,999.785,999.4770662,999.0342979,998.5577585,998.0804479,997.5903904,997.0856097,996.5661281,996.0299755,995.4751868,994.9017931,994.3068418,993.688383,993.0454666,992.3751609,991.6755364,990.9436799,990.1766894,989.3716758,988.5247736,987.6331243,986.6919099,985.6973245,984.6445997,983.5280128,982.341878,981.080551,979.7364707,978.3031162,976.7720718,975.1340251,973.3797589,971.4991893,969.4804139,967.3116863,964.9794978,962.4695861,959.766009,956.8521594,953.7089001,950.3175112,946.6559379,942.7008094,938.4266039,933.8132987,928.8267357,923.4172488,917.5276936,911.0949069,904.0484989,896.3098437,887.791315,878.3949317,868.0140604,856.5293664,843.8133314,829.7258678,814.1187243,796.8349837,777.7141315,756.5929711,733.313362,707.7287921,679.7140556,649.1758625,616.0678935,580.4061874,542.2862698,501.9005845,459.5542284,415.6769097,370.8282809,325.692175,281.0583423,237.8003718,196.8226117,158.9757885,124.9894675,95.40133583,70.58649437,50.58581119,35.06421264,23.48460706,15.19012566,9.489514542,5.730584979,3.350930913,1.902350287,1.052344034,0.567867992,0.298385101,0.1526756,7.61E-02,3.69E-02,0.017446799,8.03E-03,3.60E-03,0.001571996,6.69E-04,2.77E-04,1.12E-04,4.39E-05,1.68E-05]
}
