{
"tableName": "S3NMA_L",
"baseYear": 2013,
"minAge": 0,
"lx": [1000,1000,1000,1000,1000,1000,1000,1000,1000,1000,1000,1000,1000,1000,1000,1000,1000,999.785,999.4770662,999.0342979,998.5577585,998.0834436,997.6013693,997.111547,996.6129912,996.1047186,995.5857481,995.0551008,994.5118008,993.9538796,993.3803683,992.7903003,992.1817199,991.5526767,990.9012265,990.2254319,989.5233621,988.7921043,988.0297456,987.2333936,986.4011559,985.5281908,984.6126352,983.649684,982.6365248,981.5674163,980.4386138,979.24542,977.9831726,976.6452916,975.2252494,973.7175512,972.1138383,970.4077786,968.5902048,966.6530244,964.5863202,962.3803113,960.0244043,957.5062603,954.8137527,951.93117,948.8278743,945.4642795,941.7958781,937.7725261,933.3359243,928.4191107,922.9451516,916.8260252,909.9589983,902.2298066,893.5052443,883.6346919,872.4505276,859.763352,845.3648952,829.029064,810.5135288,789.5649962,765.9285784,739.3569842,709.6289186,676.5680169,640.0692021,600.1282438,556.8746008,510.6038902,461.805987,411.1809675,359.639022,308.2876046,258.3980381,211.2548665,168.0335996,129.6888363,96.97288198,70.18897198,49.10652103,33.17518705,21.63032148,13.61237229,8.275546444,4.868479147,2.778937634,1.544703052,0.837131738,0.441542624,0.226686217,0.113289837,5.51E-02,2.61E-02,1.20E-02,5.41E-03,2.37E-03,1.01E-03,4.18E-04,1.69E-04,6.64E-05,2.54E-05]
}
