{
"tableName": "S3NMA",
"baseYear": 2013,
"minAge": 0,
"lx": [1000,1000,1000,1000,1000,1000,1000,1000,1000,1000,1000,1000,1000,1000,1000,1000,1000,999.785,999.4770662,999.0342979,998.5577585,998.0814465,997.5943827,997.0955855,996.5840755,996.0588757,995.5190118,994.9625167,994.3884233,993.7947734,993.1806082,992.5429863,991.8799676,991.190611,990.4710066,989.7192391,988.9324123,988.1076427,987.2420604,986.330836,985.3711361,984.3571892,983.2862085,982.1514962,980.9483607,979.6711659,978.312362,976.8664163,975.3249211,973.679548,971.9210827,970.0404154,968.0275816,965.8698481,963.5565898,961.0735045,958.4065255,955.54089,952.4602261,949.1456646,945.5787751,941.735943,937.5781788,933.0571768,928.1194383,922.7047895,916.7441165,910.1591435,902.8614875,894.7528885,885.7221476,875.644401,864.3827384,851.7852243,837.6873271,821.9111616,804.2688386,784.5666648,762.608213,738.2039876,711.1812924,681.3955975,648.7485717,613.2068812,574.8225832,533.7549586,490.2923598,444.8692241,398.0729856,350.6433855,303.4506429,257.4575393,213.6616947,173.0202491,136.3667745,104.3305372,77.36568391,55.56078482,38.58852076,25.89243437,16.77591537,10.49648893,6.347678207,3.716533852,2.112336613,1.169702175,0.631770181,0.332229617,0.170114189,0.084818254,4.12E-02,1.95E-02,8.97E-03,4.02E-03,1.76E-03,7.47E-04,3.10E-04,1.25E-04,4.91E-05,1.88E-05]
}
