{
"tableName": "S3PFA_H",
"baseYear": 2013,
"minAge": 0,
"lx": [1000,1000,1000,1000,1000,1000,1000,1000,1000,1000,1000,1000,1000,1000,1000,1000,1000,999.857,999.6970229,999.5140783,999.3161745,999.112314,998.9005022,998.6787463,998.4460542,998.2014349,997.9438989,997.6714602,997.3821355,997.0739444,996.74491,996.3920623,996.0134333,995.6060638,995.1670016,994.6923069,994.1790457,993.6223054,993.0181831,992.361798,991.6482899,990.8718293,990.0266156,989.1058909,988.1029375,987.0110838,985.8217354,984.5273515,983.1184928,981.5867942,979.922023,978.1140669,976.1529482,974.026887,971.7252615,969.2357014,966.5460723,963.644501,960.5174746,957.1527819,953.5376158,949.6567177,945.4848758,940.9890952,936.1298275,930.862225,925.1169433,918.8020951,911.8219555,904.0705571,895.4294507,885.7686624,874.9454551,862.8047119,849.1801627,833.8974674,816.7758846,797.6339249,776.2956222,752.598422,726.4027287,697.6052189,666.1501996,632.0453079,595.3740391,556.3097623,515.1261506,472.2037792,428.0300601,383.1909151,338.3560452,293.9948609,250.7105855,209.4268255,171.0189928,136.2438198,105.6722053,79.63711007,58.20724157,41.19425438,28.19157635,18.639199,11.90112856,7.340068645,4.377000374,2.528050368,1.417386832,0.771874851,0.408287834,0.209775023,0.104692211,5.08E-02,2.39E-02,1.09E-02,4.86E-03,2.10E-03,8.79E-04,3.58E-04,1.42E-04,5.44E-05]
}
