{
"tableName": "S3PFA",
"baseYear": 2013,
"minAge": 0,
"lx": [1000,1000,1000,1000,1000,1000,1000,1000,1000,1000,1000,1000,1000,1000,1000,1000,1000,999.857,999.6970229,999.5140783,999.3161745,999.1133134,998.9025004,998.6827419,998.4540435,998.2144146,997.9628645,997.6984044,997.4180511,997.121818,996.8067275,996.4708036,996.1120741,995.7275749,995.3143479,994.8704377,994.391905,993.8758156,993.3182513,992.7153071,992.0621005,991.3547602,990.5884429,989.7573392,988.8556703,987.8786809,986.8186871,985.6700301,984.4261146,983.0794196,981.6215128,980.0460103,978.3436704,976.506341,974.5250096,972.3917744,970.0959574,967.6299735,964.9835055,962.147419,959.1118439,955.8662094,952.389724,948.6573087,944.6387963,940.2972364,935.5910487,930.4705589,924.8775004,918.7437128,911.989109,904.5226542,896.2372267,887.0086719,876.6954221,865.1353163,852.1435792,837.5148304,821.0191383,802.4082765,781.417276,757.7754963,731.2154651,701.4952126,668.4204148,631.8765339,591.8654799,548.5462535,502.2747314,453.6304282,403.4294169,352.7013951,302.5751202,254.2124207,208.7455124,167.1846984,130.3286644,98.69203278,72.46284861,51.50238995,35.38672561,23.48312653,15.04528692,9.308338473,5.566553957,3.223402134,1.811423063,0.988493566,0.523832395,0.269581437,0.134734915,6.54E-02,3.08E-02,1.41E-02,6.28E-03,2.71E-03,1.14E-03,4.64E-04,1.84E-04,7.06E-05]
}
