{
"tableName": "S3PFA_M",
"baseYear": 2013,
"minAge": 0,
"lx": [1000,1000,1000,1000,1000,1000,1000,1000,1000,1000,1000,1000,1000,1000,1000,1000,1000,999.857,999.6970229,999.5140783,999.3161745,999.112314,998.9005022,998.6797452,998.4480515,998.2054286,997.949888,997.6794436,997.3931096,997.0879073,996.7628567,996.4149864,996.0423272,995.6419182,995.2108053,994.7460418,994.2427003,993.6988496,993.1085925,992.4680374,991.7723173,991.0165868,990.1950341,989.3018781,988.3303837,987.2728702,986.1226973,984.8722937,983.5141548,982.0388836,980.4371782,978.6998435,976.8178037,974.7801618,972.5761838,970.1953173,967.6272103,964.8588289,961.8803096,958.6782101,955.2423074,951.5178176,947.4453214,943.0018028,938.1604316,932.8879699,927.1460445,920.889663,914.0649497,906.6089219,898.4494416,889.5008852,879.6665634,868.8334696,856.8739769,843.6429859,828.9787835,812.7001271,794.6110477,774.5010313,752.1504805,727.3377883,699.8524206,669.5110188,636.1767347,599.7880616,560.3891834,518.1632981,473.463423,426.8372186,379.0335843,330.9368757,283.5410891,237.9269835,195.1410499,156.1112788,121.5646334,91.96072759,67.45494094,47.89934883,32.88304667,21.80435365,13.95951788,8.630806959,5.158236302,2.985313785,1.676797017,0.914624024,0.484495553,0.249250191,0.124534867,6.04E-02,2.85E-02,1.30E-02,5.80E-03,2.50E-03,1.05E-03,4.28E-04,1.69E-04,6.51E-05]
}
