{
"tableName": "S3PFL",
"baseYear": 2013,
"minAge": 0,
"lx": [1000,1000,1000,1000,1000,1000,1000,1000,1000,1000,1000,1000,1000,1000,1000,1000,1000,999.857,999.6970229,999.5140783,999.3161745,999.112314,998.9015013,998.681743,998.4520462,998.2114193,997.9578736,997.6904209,997.4070768,997.1058598,996.7847918,996.4418978,996.0742107,995.6797653,995.2546101,994.7957977,994.2993946,993.7624729,993.1801281,992.5474724,991.8606295,991.1137585,990.3010452,989.4167064,988.4540039,987.4062427,986.2657884,985.0250661,983.6765668,982.2108887,980.619707,978.8938164,977.0221714,974.9958274,972.8040368,970.4352589,967.8791325,965.1235806,962.1577558,958.9701272,955.5485218,951.8782599,947.9317726,943.6736631,939.0647609,934.0576676,928.6009027,922.6337133,916.0867045,908.8825987,900.9316937,892.1322938,882.3705823,871.5174241,859.4294774,845.9484667,830.8998894,814.09577,795.3381894,774.420795,751.1370594,725.2904332,696.7052866,665.2462561,630.8357283,593.4801598,553.2932442,510.5231232,465.5725832,419.0125315,371.5794749,324.0578043,277.3474642,232.4920588,190.4995757,152.2596433,118.4639406,89.54322035,65.63231514,46.57249392,31.95143204,21.17392645,13.54843327,8.37243047,5.001530887,2.893430632,1.624591857,0.885859073,0.469121731,0.241278689,0.120524496,5.85E-02,2.76E-02,1.26E-02,5.61E-03,2.42E-03,1.02E-03,4.14E-04,1.64E-04,6.29E-05]
}
