{
"tableName": "S3PFA_L",
"baseYear": 2013,
"minAge": 0,
"lx": [1000,1000,1000,1000,1000,1000,1000,1000,1000,1000,1000,1000,1000,1000,1000,1000,1000,999.857,999.6970229,999.5140783,999.3161745,999.1133134,998.9025004,998.6837408,998.4560409,998.2184084,997.9688538,997.706388,997.4290256,997.1357814,996.8246751,996.4937293,996.139974,995.762437,995.3571617,994.9221906,994.4535822,993.9493943,993.40471,992.8166144,992.1812118,991.4936302,990.7490185,989.9435395,989.0713993,988.1268361,987.1041248,985.996594,984.7986081,983.5035979,982.1040723,980.5926142,978.9618886,977.204652,975.3118066,973.2763309,971.089379,968.7422559,966.2264323,963.5335592,960.6554845,957.6130886,954.4194489,951.0493939,947.4724971,943.6541829,939.5540055,935.1240084,930.3081197,925.0416455,919.2471846,912.8345162,905.6988888,897.7160588,888.7415914,878.6090485,867.1247496,854.0684523,839.1897258,822.2112392,802.8300759,780.7241497,755.5676562,727.0464883,694.887041,658.893282,618.9907049,575.2757243,528.0685984,477.9527761,425.7961794,372.8083997,320.2849155,269.4656282,221.566496,177.6801555,138.679539,105.1373963,77.27966607,54.98239586,37.81408777,25.11634398,16.10490116,9.971430075,5.967192928,3.457540763,1.944081817,1.061412294,0.562723649,0.28970983,0.144845644,7.03E-02,3.32E-02,1.52E-02,6.76E-03,2.92E-03,1.22E-03,4.99E-04,1.98E-04,7.60E-05]
}
