{
"tableName": "S3PFA_VL",
"baseYear": 2013,
"minAge": 0,
"lx": [1000,1000,1000,1000,1000,1000,1000,1000,1000,1000,1000,1000,1000,1000,1000,1000,1000,999.857,999.6970229,999.5140783,999.3161745,999.1133134,998.9044987,998.6887353,998.4640303,998.2303898,997.9868215,997.7313369,997.4629472,997.1806652,996.8825081,996.5664964,996.2306535,995.8730067,995.4905914,995.0824403,994.644604,994.1751318,993.671085,993.1285406,992.544581,991.9153077,991.2378296,990.5072873,989.7188435,988.8696647,987.9539714,986.9670054,985.903055,984.7574356,983.5255041,982.2006952,980.7774864,979.2494351,977.6101715,975.8543837,973.975864,971.9675257,969.8243373,967.5394312,965.1060695,962.5244108,959.793729,956.9037901,953.8388273,950.57956,947.0985377,943.3603397,939.3227575,934.9333022,930.1268101,924.8241572,918.929328,912.3249829,904.8703755,896.3944547,886.6936739,875.5239937,862.5960064,847.5747595,830.0765786,809.6732963,785.904527,758.30356,726.4343363,689.9491718,648.9772302,603.8973248,555.0287455,502.9709344,448.6259309,393.2614534,338.244176,284.8912309,234.5005247,188.2450617,147.0690899,111.6013199,82.10297061,58.46224125,40.23839141,26.74573448,17.16105283,10.63180422,6.365899097,3.690400829,2.075942726,1.133859158,0.60134674,0.30969297,0.154879932,7.52E-02,3.55E-02,1.63E-02,7.23E-03,3.12E-03,1.31E-03,5.34E-04,2.12E-04,8.14E-05]
}
