{
"tableName": "S3PML",
"baseYear": 2013,
"minAge": 0,
"lx": [1000,1000,1000,1000,1000,1000,1000,1000,1000,1000,1000,1000,1000,1000,1000,1000,1000,999.785,999.4770662,999.0342979,998.5577585,998.0794494,997.5863981,997.077629,996.5511721,996.005062,995.4363431,994.8440585,994.2242706,993.5750422,992.8934497,992.1755878,991.4185578,990.6174916,989.7685324,988.867843,987.9096301,986.8881315,985.7976202,984.6314216,983.3829089,982.0445248,980.6087757,979.0662781,977.4077398,975.6239707,973.7039427,971.6357955,969.4078347,967.0066115,964.4189018,961.6298023,958.6247092,955.3864749,951.8983589,948.142168,944.0992897,939.7498243,935.0736292,930.0485435,924.6533319,918.8613034,912.6240729,905.8852568,898.5820098,890.6439363,881.9931118,872.5460836,862.2081576,850.8787424,838.4482548,824.7983172,809.8043086,793.3345086,775.2536218,755.4257352,733.7178213,710.0055287,684.1797876,656.1550993,625.8807592,593.3506067,558.6170489,521.8030682,483.1160669,442.8560726,401.423787,359.3212559,317.1434083,275.5611503,235.2928483,197.0648192,161.5641832,129.3873836,100.9899582,76.64713671,56.44969642,40.28131792,27.8104233,18.55783985,11.96286607,7.450305508,4.486521825,2.616835639,1.48223851,0.818300896,0.440790052,0.23124904,0.118159703,5.88E-02,0.028504909,0.01345865,6.19E-03,2.77E-03,1.21E-03,5.14E-04,2.13E-04,8.59E-05,3.38E-05,1.29E-05]
}
