{
"tableName": "S3PMA",
"baseYear": 2013,
"minAge": 0,
"lx": [1000,1000,1000,1000,1000,1000,1000,1000,1000,1000,1000,1000,1000,1000,1000,1000,1000,999.785,999.4770662,999.0342979,998.5577585,998.0804479,997.5903904,997.0866073,996.5671251,996.030972,995.4761828,994.901793,994.3048519,993.6844057,993.0375172,992.3612586,991.653705,990.9119481,990.1330913,989.3132611,988.4486013,987.5362632,986.5704528,985.5473792,984.4622915,983.3104707,982.0852658,980.7810566,979.390309,977.9065327,976.3223241,974.6293812,972.8194945,970.8835837,968.8107472,966.5912018,964.2133874,961.6659357,958.9367278,956.0110118,952.8762517,949.51641,945.9167933,942.0612365,937.93124,933.5060804,928.7451994,923.599951,918.0149421,911.927585,905.2696017,897.9622655,889.9183195,881.0413843,871.2221781,860.340613,848.2657325,834.853803,819.9491581,803.388645,784.9990789,764.6055878,742.0344308,717.1206248,689.7187286,659.7132051,627.0356309,591.6795998,553.7209868,513.336454,470.8214156,426.6037515,381.2502269,335.4624559,290.0566061,245.9285543,204.000441,165.153045,130.1510041,99.57033372,73.83229859,53.02089326,36.82295735,24.70680511,16.00716843,10.01515705,6.056415846,3.545910349,2.015311055,1.115950283,0.602726979,0.316951215,0.162288531,8.09E-02,3.93E-02,1.86E-02,8.55E-03,3.84E-03,1.68E-03,7.13E-04,2.95E-04,1.19E-04,4.69E-05,1.79E-05]
}
