{
"tableName": "S3PMA_L",
"baseYear": 2013,
"minAge": 0,
"lx": [1000,1000,1000,1000,1000,1000,1000,1000,1000,1000,1000,1000,1000,1000,1000,1000,1000,999.785,999.4770662,999.0342979,998.5577585,998.082445,997.598375,997.1045638,996.6000289,996.0827935,995.5528775,995.0073145,994.4461304,993.8663683,993.2670669,992.6462749,992.0010549,991.3304621,990.6315742,989.9014787,989.1382647,988.3380518,987.4989528,986.6171162,985.6887095,984.7099206,983.6779446,982.5870458,981.4334886,980.2125854,978.9187047,977.5472396,976.0916718,974.5465187,972.9053823,971.160963,969.3060456,967.3335077,965.2353614,963.0037372,960.62897,958.1025158,955.4150383,952.555481,949.5149239,946.275179,942.8032954,939.0575379,934.9932969,930.5586237,925.6936632,920.3311198,914.3940637,907.7939674,900.4308505,892.1910078,882.9443402,872.5459047,860.8328485,847.6250901,832.7246886,815.918639,796.9811674,775.6778607,751.7761231,725.0527373,695.3117991,662.4026916,626.2434535,586.8483566,544.3570145,499.0627004,451.438644,402.1505729,352.0562846,302.1435049,253.579375,207.6097452,165.3804698,127.8309995,95.71831844,69.37271275,48.59565466,32.8679626,21.45288632,13.5139454,8.223046579,4.841507804,2.765546722,1.538252397,0.834112748,0.440173809,0.226084713,0.113033991,5.50E-02,2.61E-02,1.20E-02,5.40E-03,2.36E-03,1.01E-03,4.18E-04,1.69E-04,6.64E-05,2.54E-05]
}
