{
"tableName": "S3PMA_H",
"baseYear": 2013,
"minAge": 0,
"lx": [1000,1000,1000,1000,1000,1000,1000,1000,1000,1000,1000,1000,1000,1000,1000,1000,1000,999.785,999.4770662,999.0342979,998.5577585,998.0774522,997.5784135,997.0586752,996.5162752,995.9492575,995.3556717,994.7325791,994.078045,993.3881549,992.6600014,991.8906899,991.0753557,990.2101469,989.2892515,988.3088658,987.2622467,986.1436786,984.9455141,983.6611451,982.2820522,980.7997886,979.2040273,977.484545,975.6302568,973.6282636,971.4648616,969.1255742,966.5951873,963.8558565,960.8900721,957.6778166,954.1976154,950.4266264,946.3416928,941.9156527,937.121302,931.92965,926.3101142,920.2288883,913.6529326,906.5593313,898.9125033,890.6523963,881.7129182,872.0220115,861.50281,850.0715292,837.638383,824.1080102,809.3812001,793.3538336,775.9198831,756.9734714,736.411044,714.1346099,690.0582757,664.1113945,636.2466086,606.4467262,574.7338075,541.1773994,505.9045389,469.1070663,431.0493483,392.0717109,352.5908738,313.0950545,274.130688,236.2847535,200.1568147,166.3473263,135.3569858,107.574017,83.28638571,62.64718647,45.71258696,32.3344784,22.14051673,14.66098523,9.383602325,5.80569106,3.475211195,2.015970014,1.136323674,0.624605307,0.335156337,0.175229117,8.93E-02,4.43E-02,2.14E-02,0.010094971,4.63E-03,2.07E-03,9.03E-04,3.83E-04,1.59E-04,6.39E-05,2.51E-05,9.60E-06]
}
