{
"tableName": "S3PMA_M",
"baseYear": 2013,
"minAge": 0,
"lx": [1000,1000,1000,1000,1000,1000,1000,1000,1000,1000,1000,1000,1000,1000,1000,1000,1000,999.785,999.4770662,999.0342979,998.5577585,998.0794494,997.5854,997.0746363,996.5451897,995.9960933,995.4253875,994.8301231,994.2093491,993.5601304,992.8795417,992.1646685,991.4126076,990.6194776,989.7824041,988.8965489,987.9570971,986.9602484,985.9002531,984.7713973,983.5680067,982.2824833,980.9082701,979.4378886,977.8629525,976.1732053,974.3604516,972.4127051,970.320073,968.0699007,965.6487579,963.0434375,960.2390551,957.2191032,953.9674299,950.4663695,946.6968198,942.6383306,938.2692019,933.5684732,928.5122664,923.0953258,917.296441,911.0652462,904.3434069,897.0688685,889.1710742,880.5719007,871.1858848,860.9189592,849.6667484,837.3168422,823.7464481,808.8259287,792.4164683,774.3755225,754.555381,732.8113586,709.004516,683.0095744,654.7247819,624.081698,591.0577908,555.692439,518.1004012,478.4895531,437.1719802,394.5739424,351.2406484,307.8266017,265.0793372,223.8409447,184.9544004,149.1727522,117.1353677,89.30529286,66.00482751,47.25437413,32.72389035,21.89781298,14.15220617,8.834472243,5.331374302,3.115564509,1.767749493,0.977402837,0.527197407,0.276907802,0.141637787,7.06E-02,3.42E-02,0.016172462,7.44E-03,3.34E-03,1.46E-03,6.19E-04,2.57E-04,1.04E-04,4.07E-05,1.56E-05]
}
