{
"tableName": "S3PMA_VL",
"baseYear": 2013,
"minAge": 0,
"lx": [1000,1000,1000,1000,1000,1000,1000,1000,1000,1000,1000,1000,1000,1000,1000,1000,1000,999.785,999.4770662,999.0342979,998.5577585,998.0834436,997.6033654,997.116535,996.6209681,996.1166779,995.6016856,995.0750123,994.5356816,993.9817252,993.4121737,992.8250671,992.218451,991.5913689,990.940885,990.2650633,989.5619751,988.8296993,988.0653339,987.265989,986.4287875,985.5518523,984.6313469,983.6634542,982.6453626,981.5732965,980.4435056,979.2522668,977.9939276,976.6648338,975.2603898,973.7750682,972.2043691,970.5428718,968.7842481,966.9222448,964.9516572,962.8644668,960.6556557,958.3164592,955.8411278,953.2077855,950.3786648,947.3184455,943.9876738,940.3401054,936.3239129,931.8782469,926.9337009,921.4091761,915.211778,908.2351186,900.3570872,891.4372495,881.3167624,869.81646,856.7361601,841.8529395,824.9266443,805.6984291,783.8994524,759.258357,731.5158159,700.4417556,665.8581443,627.6711798,585.9015458,540.7250212,492.5064081,441.8299613,389.5155265,336.5932205,284.385929,234.3465185,187.8524036,146.0792889,110.0145037,80.1697691,56.44745425,38.36163346,25.14996362,15.90772924,9.715836526,5.739815029,3.28866146,1.834178579,0.996969601,0.527238401,0.271315826,0.135874695,6.62E-02,3.14E-02,1.45E-02,6.53E-03,2.86E-03,1.22E-03,5.06E-04,2.04E-04,8.05E-05,3.09E-05]
}
