{
  "minAge": 20,
  "maxAge": 150,
  "minYear": 1977,
  "maxYear": 2147,
  "rf": [[1,0.99648284175008,0.993262561805555,0.99076759094478,0.989428538316232,0.989434078298747,0.990695693074997,0.992928908240147,0.995681486846834,0.998188577984756,0.999769886432303,0.999800337645455,0.997559611715408,0.992385290186441,0.983745802778185,0.9712462380602,0.954721518876596,0.93417791490499,0.910060107754642,0.882917142092664,0.853568763023959,0.82299034883972,0.792185695300563,0.762103835986559,0.733628012687654,0.707443323774948,0.683986040912083,0.66349449148442,0.646032640666981,0.6313082327989,0.618890062673612,0.607406610023188,0.596943003686828,0.587610197433456,0.579457096407333,0.572461424487343,0.566465368761177,0.561255780986045,0.55661827031779,0.552282179012987,0.548081426966214,0.543800528012768,0.539251303689199,0.534299461326444,0.528863381627496,0.522912619492568,0.516465847452696,0.509588138775233,0.502387645173525,0.495011866485019,0.48764383179503,0.480385441673744,0.473235065238385,0.466191095842013,0.45925195071464,0.45241607060793,0.445681919447492,0.439047983988061,0.432512773475354,0.426074819312313,0.419732674730062,0.413484914464285,0.407330134435751,0.401266951436594,0.395294002819598,0.389409946193813,0.383613459123736,0.377903238832655,0.372278001911508,0.366736484030865,0.361277439657967,0.355899641777691,0.350601881617201,0.345382968375663,0.340241728957194,0.335177007707716,0.330187666156318,0.325272582760062,0.32043065265225,0.315660787395188,0.310961914736055,0.306332978366458,0.301772937685564,0.297280767567032,0.292855458128936,0.288496014507495,0.284201456633798,0.279970819014329,0.275803150514141,0.27169751414372,0.267652986848613,0.26366865930274,0.259743635704244,0.255877033574333,0.252067983559928,0.24831562923804,0.244619126923708,0.240977645481061,0.237390366136678,0.233856482295712,0.230375199361126,0.226945734555236,0.223567316744012,0.220239186264499,0.21696059475361,0.213730804980619,0.210549090681825,0.207414736397081,0.204327037309641,0.201285299087642,0.198288837728566,0.195336979405317,0.192429060315305,0.189564426531241,0.18674243385448,0.183962447669971,0.181223842804435,0.178526003385575,0.175868322703715,0.173250203075963,0.170671055711534,0.168130300580065,0.16562736628085,0.163161689914961,0.160732716958283,0.158339901137667,0.155982704307884,0.153660596330541,0.15137305495553,0.1491195657034,0.146899621749683,0.144712723811416,0.142558380034928,0.140436105884889,0.138345424036016,0.13628586426581,0.134256963348568,0.132258264951575,0.130289319532339,0.128349684238242,0.126438922806194,0.124556605465164,0.122702308839521,0.120875615853755,0.119076115639156,0.117303403440842,0.11555708052755,0.113836754101306,0.112142037209991,0.110472548659657,0.108827912929163,0.107207760085837,0.105611725702415,0.104039450774775,0.102490581641758,0.100964769905322,9.94616723523178E-02,9.79809508774139E-02,9.65222724071714E-02,9.50853088250442E-02,9.36697368977593E-02,0.092275238202505,9.09014990556155E-02,8.95482104417173E-02,8.82150679448341E-02,8.69017716790301E-02,8.56080262221651E-02,8.43335405486114E-02,0.083078027964046,8.18412060412781E-02,8.06227965565386E-02],
         [1,0.998385616064094,0.996428481972738,0.994640768259326,0.993613074843799,0.993743291581714,0.995173880371926,0.997851687587387,1.00153071237445,1.00560667972012,1.00949005179602,1.01258612924391,1.01413438139528,1.01334587987984,1.00951970757133,1.00204834968369,0.990515728637324,0.974639018524589,0.954584078424499,0.930656146317789,0.90351394051147,0.874068153507953,0.843350186059463,0.812421558823311,0.782335926997933,0.753986098272421,0.728038335974657,0.704988964214943,0.685194880455316,0.668684978770623,0.655146639375085,0.644096864740783,0.634090441664794,0.625250916397899,0.617636530136312,0.61122990258585,0.605868548062069,0.601329555271688,0.597387126737497,0.593753404866954,0.590251163684882,0.586620413412844,0.582609803551438,0.578038462582248,0.572795205305438,0.566837238196335,0.560187908889704,0.552933321315599,0.545217901478838,0.537239238488915,0.529242730665832,0.521365217936391,0.513604930390563,0.505960124418646,0.498429082321057,0.491010111924531,0.483701546202919,0.476501742904759,0.469409084184969,0.462421976243548,0.455538848968277,0.448758155583586,0.442078372303781,0.435497997992801,0.429015553827246,0.42262958296545,0.416338650221641,0.410141341743966,0.404036264698576,0.398022046956602,0.392097336787922,0.386260802557694,0.380511132427984,0.374847034064232,0.369267234345823,0.363770479079935,0.358355532721673,0.353021178096264,0.347766216126816,0.342589465565096,0.337489762727644,0.332465961233693,0.32751693174926,0.322641561733421,0.317838755189297,0.313107432417587,0.308446529775666,0.303854999437644,0.299331809160973,0.294875942053521,0.290486396346467,0.286162185169369,0.28190233632886,0.277705892090373,0.273571908963733,0.269499457490932,0.26548762203826,0.261535500590604,0.257642204549029,0.253806858531737,0.250028600176961,0.246306579950344,0.242639960953762,0.239027918737781,0.235469641116531,0.23196432798537,0.228511191141682,0.225109454107501,0.221758351955518,0.218457131137385,0.215205049314807,0.212001375192326,0.208845388353487,0.205736379099557,0.202673648289442,0.199656507183121,0.196684277287254,0.19375629020224,0.190871887472792,0.188030420439713,0.18523125009446,0.182473746935399,0.179757290826726,0.177081270859198,0.174445085212683,0.171848141021492,0.169289854240433,0.166769649514742,0.164286960050014,0.161841227485154,0.159431901767027,0.157058441026919,0.154720311458818,0.152416987199502,0.150147950210331,0.147912690161209,0.145710704315394,0.143541497417097,0.141404581579799,0.139299476177235,0.137225707734615,0.135182809823003,0.13317032295416,0.131187794477222,0.129234778477302,0.127310835674941,0.125415533327983,0.123548445133566,0.121709151133019,0.119897237617123,0.118112297033427,0.116353927894052,0.114621734686389,0.11291532778357,0.111234323357103,0.109578343290605,0.107947015094738,0.106339971823726,0.104756851992712,0.103197299496691,0.101660963529928,0.100147498508034,9.86565639895611E-02,9.71878245997775E-02,9.57409499551625E-02,9.43156145892377E-02,9.29114978794849E-02,9.15282839751116E-02,9.01656617262677E-02,8.88233246137474E-02,8.75009706803839E-02]]
}
