{
  "minAge": 20,
  "maxAge": 150,
  "minYear": 1977,
  "maxYear": 2147,
  "rf": [1,0.99648284175008,0.993262561805555,0.99076759094478,0.989428538316232,0.989434078298747,0.990695693074997,0.992928908240147,0.995681486846834,0.998188577984756,0.999769886432303,0.999800337645455,0.997559611715408,0.992385290186441,0.983745802778185,0.9712462380602,0.954721518876596,0.93417791490499,0.910060107754642,0.882917142092664,0.853568763023959,0.82299034883972,0.792185695300563,0.762103835986559,0.733628012687654,0.707443323774948,0.683986040912083,0.66349449148442,0.646032640666981,0.6313082327989,0.618890062673612,0.607406610023188,0.596943003686828,0.587610197433456,0.579457096407333,0.572461424487343,0.566465368761177,0.561255780986045,0.55661827031779,0.552282179012987,0.548081426966214,0.543800528012768,0.539251303689199,0.534299461326444,0.528863381627496,0.522912619492568,0.516465847452696,0.509588138775233,0.502387645173525,0.495011866485019,0.48764383179503,0.480385441673744,0.473235065238385,0.466191095842013,0.45925195071464,0.45241607060793,0.445681919447492,0.439047983988061,0.432512773475354,0.426074819312313,0.419732674730062,0.413484914464285,0.407330134435751,0.401266951436594,0.395294002819598,0.389409946193813,0.383613459123736,0.377903238832655,0.372278001911508,0.366736484030865,0.361277439657967,0.355899641777691,0.350601881617201,0.345382968375663,0.340241728957194,0.335177007707716,0.330187666156318,0.325272582760062,0.32043065265225,0.315660787395188,0.310961914736055,0.306332978366458,0.301772937685564,0.297280767567032,0.292855458128936,0.288496014507495,0.284201456633798,0.279970819014329,0.275803150514141,0.27169751414372,0.267652986848613,0.26366865930274,0.259743635704244,0.255877033574333,0.252067983559928,0.24831562923804,0.244619126923708,0.240977645481061,0.237390366136678,0.233856482295712,0.230375199361126,0.226945734555236,0.223567316744012,0.220239186264499,0.21696059475361,0.213730804980619,0.210549090681825,0.207414736397081,0.204327037309641,0.201285299087642,0.198288837728566,0.195336979405317,0.192429060315305,0.189564426531241,0.18674243385448,0.183962447669971,0.181223842804435,0.178526003385575,0.175868322703715,0.173250203075963,0.170671055711534,0.168130300580065,0.16562736628085,0.163161689914961,0.160732716958283,0.158339901137667,0.155982704307884,0.153660596330541,0.15137305495553,0.1491195657034,0.146899621749683,0.144712723811416,0.142558380034928,0.140436105884889,0.138345424036016,0.13628586426581,0.134256963348568,0.132258264951575,0.130289319532339,0.128349684238242,0.126438922806194,0.124556605465164,0.122702308839521,0.120875615853755,0.119076115639156,0.117303403440842,0.11555708052755,0.113836754101306,0.112142037209991,0.110472548659657,0.108827912929163,0.107207760085837,0.105611725702415,0.104039450774775,0.102490581641758,0.100964769905322,9.94616723523178E-02,9.79809508774139E-02,9.65222724071714E-02,9.50853088250442E-02,9.36697368977593E-02,0.092275238202505,9.09014990556155E-02,8.95482104417173E-02,8.82150679448341E-02,8.69017716790301E-02,8.56080262221651E-02,8.43335405486114E-02,0.083078027964046,8.18412060412781E-02,8.06227965565386E-02]
}
